cycles,correlation,hits,total
[1],1,364,364
[3],1,364,364
[5],1,364,364
[7],1,364,364
[9],1,364,364
[10],1,364,364
[19],1,364,364
[20],1,364,364
[30],1,364,364
[45],1,364,364
[10,20],0.9752747252747253,355,364
[5,10],0.9478021978021978,345,364
[1,7],0.9395604395604396,342,364
[9,45],0.9395604395604396,342,364
[1,45],0.9313186813186813,339,364
[5,20],0.9313186813186813,339,364
[7,45],0.9313186813186813,339,364
[5,45],0.9285714285714286,338,364
[1,3],0.9175824175824175,334,364
[3,45],0.9120879120879121,332,364
[30,45],0.9093406593406593,331,364
[1,5],0.9010989010989011,328,364
[19,45],0.8983516483516484,327,364
[5,10,20],0.8983516483516484,327,364
[20,45],0.8873626373626373,323,364
[3,7],0.8846153846153846,322,364
[5,30],0.8763736263736264,319,364
[1,30],0.8736263736263736,318,364
[3,9],0.8736263736263736,318,364
[10,30],0.8708791208791209,317,364
[10,45],0.8708791208791209,317,364
[3,30],0.8626373626373627,314,364
[7,30],0.8598901098901099,313,364
[1,10],0.8571428571428571,312,364
[1,19],0.8571428571428571,312,364
[20,30],0.8571428571428571,312,364
[1,9],0.8543956043956044,311,364
[1,20],0.8489010989010989,309,364
[5,7],0.8489010989010989,309,364
[7,9],0.8489010989010989,309,364
[3,5],0.8461538461538461,308,364
[1,7,45],0.8461538461538461,308,364
[5,9],0.8434065934065934,307,364
[9,30],0.8379120879120879,305,364
[10,20,45],0.8351648351648352,304,364
[5,10,45],0.8241758241758241,300,364
[9,19],0.8214285714285714,299,364
[19,20],0.8186813186813187,298,364
[1,3,45],0.8186813186813187,298,364
[1,5,45],0.8186813186813187,298,364
[1,3,7],0.8159340659340659,297,364
[7,20],0.8131868131868132,296,364
[5,20,45],0.8131868131868132,296,364
[10,20,30],0.8104395604395604,295,364
[1,10,20],0.804945054945055,293,364
[5,10,30],0.804945054945055,293,364
[1,5,10],0.8021978021978022,292,364
[9,20],0.7994505494505495,291,364
[7,10],0.7967032967032966,290,364
[1,5,7],0.7967032967032966,290,364
[7,19],0.7939560439560439,289,364
[3,19],0.7912087912087912,288,364
[3,20],0.7912087912087912,288,364
[3,7,45],0.7912087912087912,288,364
[10,19],0.7884615384615384,287,364
[3,9,45],0.7884615384615384,287,364
[1,5,20],0.782967032967033,285,364
[1,7,30],0.782967032967033,285,364
[1,9,45],0.782967032967033,285,364
[5,20,30],0.7802197802197802,284,364
[5,30,45],0.7802197802197802,284,364
[7,9,45],0.7802197802197802,284,364
[19,30],0.7774725274725275,283,364
[3,10],0.7747252747252747,282,364
[5,19],0.7747252747252747,282,364
[1,3,5],0.7747252747252747,282,364
[9,30,45],0.7747252747252747,282,364
[9,10],0.771978021978022,281,364
[1,30,45],0.771978021978022,281,364
[5,10,20,45],0.771978021978022,281,364
[3,5,45],0.7692307692307693,280,364
[5,9,45],0.7692307692307693,280,364
[1,3,9],0.7637362637362637,278,364
[5,7,45],0.7637362637362637,278,364
[7,30,45],0.7637362637362637,278,364
[1,3,30],0.760989010989011,277,364
[3,30,45],0.760989010989011,277,364
[1,5,30],0.7582417582417582,276,364
[3,7,30],0.7527472527472527,274,364
[5,10,20,30],0.7527472527472527,274,364
[1,7,9],0.75,273,364
[1,19,45],0.7472527472527473,272,364
[1,10,45],0.7445054945054945,271,364
[1,20,45],0.7445054945054945,271,364
[1,5,10,20],0.7445054945054945,271,364
[10,30,45],0.7417582417582418,270,364
[1,7,10],0.739010989010989,269,364
[7,10,20],0.739010989010989,269,364
[20,30,45],0.739010989010989,269,364
[9,19,45],0.7362637362637363,268,364
[1,7,20],0.7335164835164835,267,364
[5,7,10],0.7335164835164835,267,364
[10,19,20],0.7335164835164835,267,364
[3,7,9],0.7307692307692307,266,364
[5,7,20],0.728021978021978,265,364
[1,5,9],0.7252747252747253,264,364
[1,3,7,45],0.7252747252747253,264,364
[1,7,19],0.7225274725274725,263,364
[3,5,10],0.7225274725274725,263,364
[3,5,7],0.7197802197802198,262,364
[5,9,10],0.7197802197802198,262,364
[9,10,20],0.7197802197802198,262,364
[3,5,30],0.717032967032967,261,364
[3,10,20],0.717032967032967,261,364
[7,20,45],0.717032967032967,261,364
[9,20,45],0.717032967032967,261,364
[1,10,30],0.7142857142857143,260,364
[5,7,30],0.7142857142857143,260,364
[3,5,20],0.7115384615384616,259,364
[1,3,10],0.7087912087912088,258,364
[5,9,20],0.7087912087912088,258,364
[1,3,20],0.7032967032967034,256,364
[1,20,30],0.7032967032967034,256,364
[1,9,30],0.7005494505494505,255,364
[7,19,45],0.7005494505494505,255,364
[1,5,7,45],0.7005494505494505,255,364
[1,5,10,45],0.7005494505494505,255,364
[1,3,19],0.6978021978021978,254,364
[5,9,30],0.6978021978021978,254,364
[7,10,45],0.6978021978021978,254,364
[3,9,30],0.695054945054945,253,364
[3,20,45],0.6923076923076923,252,364
[1,3,5,45],0.6923076923076923,252,364
[1,10,20,45],0.6923076923076923,252,364
[1,5,19],0.6895604395604396,251,364
[5,10,30,45],0.6895604395604396,251,364
[3,5,9],0.6868131868131868,250,364
[5,10,19],0.6868131868131868,250,364
[7,9,30],0.6868131868131868,250,364
[5,7,9],0.6840659340659341,249,364
[19,20,45],0.6840659340659341,249,364
[1,5,20,45],0.6840659340659341,249,364
[1,7,9,45],0.6840659340659341,249,364
[1,7,30,45],0.6840659340659341,249,364
[10,20,30,45],0.6840659340659341,249,364
[1,3,9,45],0.6813186813186813,248,364
[7,20,30],0.6785714285714286,247,364
[9,10,45],0.6785714285714286,247,364
[1,3,7,30],0.6785714285714286,247,364
[5,7,10,20],0.6785714285714286,247,364
[3,19,45],0.6758241758241759,246,364
[5,19,45],0.6758241758241759,246,364
[7,10,30],0.6758241758241759,246,364
[1,5,7,10],0.6758241758241759,246,364
[5,20,30,45],0.6758241758241759,246,364
[1,7,10,20],0.6730769230769231,245,364
[1,9,19],0.6703296703296703,244,364
[3,20,30],0.6703296703296703,244,364
[5,19,20],0.6703296703296703,244,364
[1,3,5,7],0.6703296703296703,244,364
[1,5,10,30],0.6703296703296703,244,364
[3,5,10,20],0.6703296703296703,244,364
[1,10,19],0.6675824175824175,243,364
[1,19,20],0.6675824175824175,243,364
[3,10,30],0.6675824175824175,243,364
[1,5,30,45],0.6675824175824175,243,364
[5,9,10,20],0.6675824175824175,243,364
[19,30,45],0.6648351648351648,242,364
[1,19,30],0.6620879120879121,241,364
[3,10,45],0.6620879120879121,241,364
[9,20,30],0.6620879120879121,241,364
[1,3,5,10],0.6620879120879121,241,364
[1,5,7,20],0.6620879120879121,241,364
[1,5,7,30],0.6620879120879121,241,364
[3,7,30,45],0.6620879120879121,241,364
[1,3,30,45],0.6593406593406593,240,364
[1,5,9,45],0.6593406593406593,240,364
[3,7,9,45],0.6593406593406593,240,364
[1,9,10],0.6565934065934066,239,364
[1,3,7,9],0.6565934065934066,239,364
[1,9,20],0.6538461538461539,238,364
[10,19,45],0.6538461538461539,238,364
[1,10,20,30],0.6538461538461539,238,364
[3,7,20],0.6510989010989011,237,364
[9,10,30],0.6483516483516484,236,364
[1,3,10,20],0.6483516483516484,236,364
[1,5,20,30],0.6483516483516484,236,364
[1,3,5,20],0.6456043956043956,235,364
[3,5,7,45],0.6428571428571429,234,364
[1,5,10,20,45],0.6428571428571429,234,364
[3,7,19],0.6401098901098901,233,364
[3,9,19],0.6401098901098901,233,364
[1,3,5,30],0.6401098901098901,233,364
[1,7,10,45],0.6401098901098901,233,364
[5,7,10,45],0.6401098901098901,233,364
[5,10,19,20],0.6401098901098901,233,364
[5,10,20,30,45],0.6401098901098901,233,364
[7,10,20,45],0.6373626373626373,232,364
[3,7,10],0.6346153846153846,231,364
[7,9,19],0.6346153846153846,231,364
[10,19,30],0.6346153846153846,231,364
[19,20,30],0.6346153846153846,231,364
[1,7,20,45],0.6346153846153846,231,364
[1,9,30,45],0.6346153846153846,231,364
[3,5,30,45],0.6346153846153846,231,364
[5,7,20,45],0.6346153846153846,231,364
[3,5,10,45],0.6318681318681318,230,364
[5,9,10,45],0.6318681318681318,230,364
[5,9,30,45],0.6318681318681318,230,364
[5,9,19],0.6291208791208791,229,364
[3,9,20],0.6263736263736264,228,364
[3,5,9,45],0.6263736263736264,228,364
[3,9,30,45],0.6263736263736264,228,364
[5,7,30,45],0.6263736263736264,228,364
[9,10,20,45],0.6263736263736264,228,364
[5,7,19],0.6236263736263736,227,364
[7,9,20],0.6236263736263736,227,364
[1,7,19,45],0.6236263736263736,227,364
[5,7,9,45],0.6236263736263736,227,364
[5,9,20,45],0.6236263736263736,227,364
[3,19,30],0.6208791208791209,226,364
[1,5,7,9],0.6208791208791209,226,364
[3,5,20,45],0.6208791208791209,226,364
[7,9,30,45],0.6208791208791209,226,364
[7,19,30],0.6181318681318682,225,364
[9,19,30],0.6181318681318682,225,364
[1,3,5,9],0.6181318681318682,225,364
[5,7,10,30],0.6181318681318682,225,364
[7,10,20,30],0.6181318681318682,225,364
[1,5,7,10,20],0.6181318681318682,225,364
[1,5,10,20,30],0.6181318681318682,225,364
[5,19,30],0.6153846153846154,224,364
[9,19,20],0.6153846153846154,224,364
[1,5,9,10],0.6153846153846154,224,364
[1,7,10,30],0.6153846153846154,224,364
[3,9,10],0.6126373626373627,223,364
[7,19,20],0.6126373626373627,223,364
[1,7,9,30],0.6126373626373627,223,364
[3,5,10,30],0.6126373626373627,223,364
[1,3,9,30],0.6098901098901099,222,364
[1,3,10,45],0.6098901098901099,222,364
[1,3,5,10,20],0.6098901098901099,222,364
[3,5,19],0.6071428571428571,221,364
[1,3,20,45],0.6071428571428571,221,364
[1,7,20,30],0.6071428571428571,221,364
[1,10,30,45],0.6071428571428571,221,364
[1,20,30,45],0.6071428571428571,221,364
[3,10,20,45],0.6071428571428571,221,364
[5,7,20,30],0.6071428571428571,221,364
[1,10,19,20],0.6043956043956044,220,364
[3,5,7,30],0.6043956043956044,220,364
[3,10,20,30],0.6043956043956044,220,364
[1,3,7,10],0.6016483516483516,219,364
[1,5,9,20],0.6016483516483516,219,364
[3,5,20,30],0.6016483516483516,219,364
[5,9,10,30],0.6016483516483516,219,364
[10,19,20,45],0.5989010989010989,218,364
[1,3,10,30],0.5961538461538461,217,364
[1,9,10,20],0.5961538461538461,217,364
[3,7,9,30],0.5961538461538461,217,364
[1,3,5,7,45],0.5961538461538461,217,364
[1,3,7,9,45],0.5961538461538461,217,364
[1,3,7,20],0.5934065934065934,216,364
[1,5,10,19],0.5934065934065934,216,364
[1,5,19,45],0.5934065934065934,216,364
[7,9,10],0.5906593406593407,215,364
[3,5,7,10],0.5906593406593407,215,364
[9,10,20,30],0.5906593406593407,215,364
[9,20,30,45],0.5906593406593407,215,364
[1,3,7,30,45],0.5906593406593407,215,364
[3,19,20],0.5879120879120879,214,364
[1,3,19,45],0.5879120879120879,214,364
[1,5,9,30],0.5879120879120879,214,364
[1,9,19,45],0.5879120879120879,214,364
[5,9,20,30],0.5879120879120879,214,364
[7,20,30,45],0.5879120879120879,214,364
[1,3,7,19],0.5851648351648352,213,364
[1,3,20,30],0.5851648351648352,213,364
[1,9,20,45],0.5851648351648352,213,364
[7,10,30,45],0.5851648351648352,213,364
[10,19,20,30],0.5851648351648352,213,364
[5,7,10,20,45],0.5851648351648352,213,364
[1,5,7,19],0.5824175824175825,212,364
[3,20,30,45],0.5824175824175825,212,364
[1,5,7,10,45],0.5824175824175825,212,364
[7,10,19],0.5796703296703297,211,364
[9,10,19],0.5796703296703297,211,364
[1,9,10,45],0.5796703296703297,211,364
[3,5,7,9],0.5796703296703297,211,364
[1,5,19,20],0.5769230769230769,210,364
[3,5,7,20],0.5769230769230769,210,364
[3,7,20,45],0.5769230769230769,210,364
[1,3,5,10,45],0.5769230769230769,210,364
[1,5,10,30,45],0.5769230769230769,210,364
[5,9,10,20,45],0.5769230769230769,210,364
[1,7,10,20,45],0.5741758241758241,209,364
[3,5,10,20,45],0.5741758241758241,209,364
[3,10,19],0.5714285714285714,208,364
[1,7,19,30],0.5714285714285714,208,364
[3,7,10,20],0.5714285714285714,208,364
[5,10,19,45],0.5714285714285714,208,364
[9,10,30,45],0.5714285714285714,208,364
[1,5,7,30,45],0.5714285714285714,208,364
[3,10,30,45],0.5686813186813187,207,364
[5,7,10,20,30],0.5686813186813187,207,364
[1,5,7,10,30],0.5659340659340659,206,364
[1,5,7,20,45],0.5659340659340659,206,364
[3,5,10,20,30],0.5659340659340659,206,364
[3,5,9,10],0.5631868131868132,205,364
[3,9,20,45],0.5631868131868132,205,364
[5,7,9,30],0.5631868131868132,205,364
[7,9,19,45],0.5631868131868132,205,364
[1,3,5,30,45],0.5631868131868132,205,364
[1,5,7,9,45],0.5631868131868132,205,364
[1,5,9,10,20],0.5631868131868132,205,364
[3,5,9,30],0.5604395604395604,204,364
[3,7,10,45],0.5604395604395604,204,364
[7,9,20,45],0.5604395604395604,204,364
[1,3,5,7,30],0.5604395604395604,204,364
[1,3,5,9,45],0.5604395604395604,204,364
[1,3,5,20,45],0.5604395604395604,204,364
[1,5,20,30,45],0.5604395604395604,204,364
[1,3,9,10],0.5576923076923077,203,364
[1,19,30,45],0.5576923076923077,203,364
[5,10,19,30],0.5576923076923077,203,364
[5,19,20,45],0.5576923076923077,203,364
[1,3,5,7,10],0.5576923076923077,203,364
[1,3,5,19],0.554945054945055,202,364
[1,7,9,19],0.554945054945055,202,364
[1,7,9,20],0.554945054945055,202,364
[1,19,20,45],0.554945054945055,202,364
[3,7,10,30],0.554945054945055,202,364
[3,7,20,30],0.554945054945055,202,364
[3,9,19,45],0.554945054945055,202,364
[5,7,9,10],0.554945054945055,202,364
[1,3,5,10,30],0.554945054945055,202,364
[1,7,10,20,30],0.554945054945055,202,364
[5,9,10,20,30],0.554945054945055,202,364
[1,3,19,30],0.5521978021978022,201,364
[1,10,19,45],0.5521978021978022,201,364
[3,9,10,20],0.5521978021978022,201,364
[1,3,10,20,45],0.5521978021978022,201,364
[1,5,7,20,30],0.5521978021978022,201,364
[1,3,9,19],0.5494505494505495,200,364
[1,3,9,20],0.5494505494505495,200,364
[3,5,9,20],0.5494505494505495,200,364
[5,9,19,45],0.5494505494505495,200,364
[1,7,9,30,45],0.5494505494505495,200,364
[1,10,20,30,45],0.5494505494505495,200,364
[1,7,9,10],0.5467032967032966,199,364
[3,7,19,45],0.5467032967032966,199,364
[1,5,9,10,45],0.5467032967032966,199,364
[1,7,19,20],0.5439560439560439,198,364
[5,7,9,20],0.5439560439560439,198,364
[1,3,9,30,45],0.5439560439560439,198,364
[1,5,9,19],0.5412087912087912,197,364
[1,9,10,30],0.5412087912087912,197,364
[5,19,20,30],0.5412087912087912,197,364
[9,19,30,45],0.5412087912087912,197,364
[1,3,5,7,20],0.5412087912087912,197,364
[1,5,10,19,20],0.5412087912087912,197,364
[1,9,20,30],0.5384615384615384,196,364
[1,3,7,10,20],0.5384615384615384,196,364
[3,7,9,30,45],0.5384615384615384,196,364
[1,5,19,30],0.5357142857142857,195,364
[1,7,10,19],0.5357142857142857,195,364
[5,7,19,45],0.5357142857142857,195,364
[7,9,10,20],0.5357142857142857,195,364
[7,10,19,20],0.5357142857142857,195,364
[9,19,20,45],0.5357142857142857,195,364
[1,3,5,7,9],0.5357142857142857,195,364
[1,3,5,20,30],0.5357142857142857,195,364
[1,3,7,9,30],0.5357142857142857,195,364
[3,5,7,10,20],0.5357142857142857,195,364
[5,7,10,30,45],0.5357142857142857,195,364
[3,9,10,45],0.532967032967033,194,364
[7,9,10,45],0.532967032967033,194,364
[1,3,10,20,30],0.532967032967033,194,364
[1,5,9,20,45],0.532967032967033,194,364
[1,5,9,30,45],0.532967032967033,194,364
[3,5,7,30,45],0.532967032967033,194,364
[3,5,7,9,45],0.5302197802197802,193,364
[3,5,10,30,45],0.5302197802197802,193,364
[5,9,10,30,45],0.5302197802197802,193,364
[1,10,19,30],0.5274725274725275,192,364
[1,19,20,30],0.5274725274725275,192,364
[9,10,19,20],0.5274725274725275,192,364
[1,3,7,10,45],0.5274725274725275,192,364
[5,7,20,30,45],0.5274725274725275,192,364
[7,19,30,45],0.5247252747252747,191,364
[19,20,30,45],0.5247252747252747,191,364
[1,7,10,30,45],0.5247252747252747,191,364
[3,5,7,10,45],0.5247252747252747,191,364
[7,10,20,30,45],0.5247252747252747,191,364
[1,5,7,10,20,45],0.5247252747252747,191,364
[1,5,10,20,30,45],0.5247252747252747,191,364
[1,3,10,19],0.521978021978022,190,364
[3,5,19,45],0.521978021978022,190,364
[3,7,19,30],0.521978021978022,190,364
[3,9,20,30],0.521978021978022,190,364
[5,7,10,19],0.521978021978022,190,364
[10,19,30,45],0.521978021978022,190,364
[1,9,10,20,45],0.521978021978022,190,364
[5,10,19,20,45],0.521978021978022,190,364
[1,3,5,10,20,45],0.521978021978022,190,364
[3,7,9,20],0.5192307692307693,189,364
[5,7,19,20],0.5192307692307693,189,364
[5,19,30,45],0.5192307692307693,189,364
[1,3,5,9,10],0.5192307692307693,189,364
[1,3,7,20,45],0.5192307692307693,189,364
[1,7,20,30,45],0.5192307692307693,189,364
[3,5,20,30,45],0.5192307692307693,189,364
[5,10,19,20,30],0.5192307692307693,189,364
[3,19,30,45],0.5164835164835165,188,364
[7,9,20,30],0.5164835164835165,188,364
[7,19,20,45],0.5164835164835165,188,364
[5,9,20,30,45],0.5164835164835165,188,364
[1,5,7,10,20,30],0.5164835164835165,188,364
[1,3,19,20],0.5137362637362637,187,364
[1,9,19,30],0.5137362637362637,187,364
[3,10,19,20],0.5137362637362637,187,364
[5,9,10,19],0.5137362637362637,187,364
[1,3,7,10,30],0.5137362637362637,187,364
[3,5,9,10,20],0.5137362637362637,187,364
[9,10,20,30,45],0.5137362637362637,187,364
[3,9,10,30],0.510989010989011,186,364
[1,3,10,30,45],0.510989010989011,186,364
[1,5,7,9,10],0.510989010989011,186,364
[1,5,7,9,30],0.510989010989011,186,364
[3,10,20,30,45],0.510989010989011,186,364
[1,5,9,10,30],0.5082417582417582,185,364
[3,5,7,20,45],0.5082417582417582,185,364
[3,5,9,30,45],0.5082417582417582,185,364
[5,7,9,30,45],0.5082417582417582,185,364
[1,3,5,10,20,30],0.5082417582417582,185,364
[3,5,10,19],0.5054945054945055,184,364
[5,9,19,20],0.5054945054945055,184,364
[1,3,20,30,45],0.5054945054945055,184,364
[1,3,5,7,10,20],0.5054945054945055,184,364
[3,5,7,19],0.5027472527472527,183,364
[3,7,9,19],0.5027472527472527,183,364
[7,9,10,30],0.5027472527472527,183,364
[1,3,5,9,20],0.5027472527472527,183,364
[1,3,5,9,30],0.5027472527472527,183,364
[3,5,7,10,30],0.5027472527472527,183,364
[3,5,19,20],0.5,182,364
[1,3,7,20,30],0.5,182,364
[3,5,9,10,45],0.5,182,364
[5,7,9,10,20],0.5,182,364
[5,7,9,10,45],0.5,182,364
[5,7,19,30],0.49725274725274726,181,364
[1,3,9,10,20],0.49725274725274726,181,364
[1,5,7,9,20],0.49725274725274726,181,364
[1,5,10,19,45],0.49725274725274726,181,364
[3,7,10,20,45],0.49725274725274726,181,364
[1,9,10,19],0.4945054945054945,180,364
[7,19,20,30],0.4945054945054945,180,364
[9,10,19,45],0.4945054945054945,180,364
[1,3,7,19,45],0.4945054945054945,180,364
[1,7,9,20,45],0.4945054945054945,180,364
[1,10,19,20,45],0.4945054945054945,180,364
[1,9,19,20],0.49175824175824173,179,364
[3,19,20,45],0.49175824175824173,179,364
[5,9,19,30],0.49175824175824173,179,364
[1,3,9,10,45],0.49175824175824173,179,364
[1,3,9,20,45],0.49175824175824173,179,364
[1,5,7,19,45],0.49175824175824173,179,364
[1,7,9,10,20],0.49175824175824173,179,364
[3,7,10,20,30],0.49175824175824173,179,364
[1,3,5,7,9,45],0.49175824175824173,179,364
[1,3,5,7,10,45],0.49175824175824173,179,364
[1,3,5,7,30,45],0.49175824175824173,179,364
[1,5,9,10,20,45],0.49175824175824173,179,364
[3,5,19,30],0.489010989010989,178,364
[3,7,9,10],0.489010989010989,178,364
[1,5,9,20,30],0.489010989010989,178,364
[1,7,9,10,45],0.489010989010989,178,364
[3,5,9,20,45],0.489010989010989,178,364
[3,7,10,30,45],0.489010989010989,178,364
[3,7,20,30,45],0.489010989010989,178,364
[7,10,19,45],0.48626373626373626,177,364
[1,5,7,10,19],0.48626373626373626,177,364
[1,7,9,19,45],0.48626373626373626,177,364
[1,7,10,19,20],0.48626373626373626,177,364
[3,5,7,20,30],0.48626373626373626,177,364
[5,7,9,20,45],0.48626373626373626,177,364
[5,7,10,20,30,45],0.48626373626373626,177,364
[3,5,9,19],0.4835164835164835,176,364
[3,9,19,30],0.4835164835164835,176,364
[5,7,9,19],0.4835164835164835,176,364
[9,19,20,30],0.4835164835164835,176,364
[1,3,7,19,30],0.4835164835164835,176,364
[1,9,10,20,30],0.4835164835164835,176,364
[1,3,5,10,30,45],0.4835164835164835,176,364
[1,3,7,9,30,45],0.4835164835164835,176,364
[1,5,7,10,30,45],0.4835164835164835,176,364
[7,10,19,30],0.4807692307692308,175,364
[1,5,19,20,45],0.4807692307692308,175,364
[1,9,10,30,45],0.4807692307692308,175,364
[1,9,20,30,45],0.4807692307692308,175,364
[3,5,10,20,30,45],0.4807692307692308,175,364
[5,9,10,20,30,45],0.4807692307692308,175,364
[3,19,20,30],0.47802197802197804,174,364
[7,9,19,30],0.47802197802197804,174,364
[1,7,19,30,45],0.47802197802197804,174,364
[1,10,19,20,30],0.47802197802197804,174,364
[3,5,7,9,30],0.47802197802197804,174,364
[3,9,10,20,45],0.47802197802197804,174,364
[5,7,10,19,20],0.47802197802197804,174,364
[1,5,7,19,20],0.47527472527472525,173,364
[1,5,10,19,30],0.47527472527472525,173,364
[7,9,10,20,45],0.47527472527472525,173,364
[10,19,20,30,45],0.47527472527472525,173,364
[3,10,19,30],0.4725274725274725,172,364
[9,10,19,30],0.4725274725274725,172,364
[1,3,5,7,19],0.4725274725274725,172,364
[1,3,9,19,45],0.4725274725274725,172,364
[3,7,9,20,45],0.4725274725274725,172,364
[1,3,5,7,10,30],0.4725274725274725,172,364
[1,3,5,7,20,45],0.4725274725274725,172,364
[1,3,5,9,10,20],0.4725274725274725,172,364
[1,3,5,19,45],0.4697802197802198,171,364
[1,3,7,9,20],0.4697802197802198,171,364
[1,5,9,19,45],0.4697802197802198,171,364
[3,5,9,10,30],0.4697802197802198,171,364
[5,7,9,10,30],0.4697802197802198,171,364
[1,5,7,20,30,45],0.4697802197802198,171,364
[3,7,19,20],0.46703296703296704,170,364
[1,3,5,10,19],0.46703296703296704,170,364
[1,3,7,9,10],0.46703296703296704,170,364
[1,5,7,19,30],0.46703296703296704,170,364
[3,5,10,19,20],0.46703296703296704,170,364
[5,9,10,19,20],0.46703296703296704,170,364
[3,5,7,10,20,45],0.46703296703296704,170,364
[1,3,9,10,30],0.4642857142857143,169,364
[1,3,10,19,20],0.4642857142857143,169,364
[3,9,20,30,45],0.4642857142857143,169,364
[1,3,5,9,10,45],0.4642857142857143,169,364
[1,3,5,20,30,45],0.4642857142857143,169,364
[1,3,7,10,20,45],0.4642857142857143,169,364
[1,7,10,20,30,45],0.4642857142857143,169,364
[3,10,19,45],0.46153846153846156,168,364
[1,5,19,20,30],0.46153846153846156,168,364
[1,7,9,10,30],0.46153846153846156,168,364
[1,7,9,20,30],0.46153846153846156,168,364
[3,5,7,9,10],0.46153846153846156,168,364
[5,10,19,30,45],0.46153846153846156,168,364
[7,9,20,30,45],0.46153846153846156,168,364
[1,5,9,10,20,30],0.46153846153846156,168,364
[1,3,9,20,30],0.45879120879120877,167,364
[3,5,9,20,30],0.45879120879120877,167,364
[1,5,7,9,10,20],0.45879120879120877,167,364
[1,5,7,9,30,45],0.45879120879120877,167,364
[1,3,19,30,45],0.45604395604395603,166,364
[3,9,10,20,30],0.45604395604395603,166,364
[5,7,9,20,30],0.45604395604395603,166,364
[1,3,5,9,30,45],0.45604395604395603,166,364
[1,5,7,9,10,45],0.45604395604395603,166,364
[1,3,5,19,20],0.4532967032967033,165,364
[1,3,7,9,19],0.4532967032967033,165,364
[1,7,19,20,45],0.4532967032967033,165,364
[7,9,10,30,45],0.4532967032967033,165,364
[1,3,5,7,20,30],0.4532967032967033,165,364
[1,3,7,10,20,30],0.4532967032967033,165,364
[1,3,10,20,30,45],0.4532967032967033,165,364
[1,5,9,10,30,45],0.4532967032967033,165,364
[3,5,7,10,20,30],0.4532967032967033,165,364
[3,9,19,20],0.45054945054945056,164,364
[7,9,19,20],0.45054945054945056,164,364
[1,7,19,20,30],0.45054945054945056,164,364
[3,5,7,9,20],0.45054945054945056,164,364
[5,19,20,30,45],0.45054945054945056,164,364
[7,9,10,20,30],0.45054945054945056,164,364
[3,7,10,19],0.4478021978021978,163,364
[1,5,19,30,45],0.4478021978021978,163,364
[3,7,9,10,45],0.4478021978021978,163,364
[3,9,10,30,45],0.4478021978021978,163,364
[1,3,5,9,20,45],0.4478021978021978,163,364
[1,3,7,10,30,45],0.4478021978021978,163,364
[3,5,9,10,20,45],0.4478021978021978,163,364
[1,5,7,9,19],0.44505494505494503,162,364
[1,5,9,10,19],0.44505494505494503,162,364
[1,7,10,19,45],0.44505494505494503,162,364
[1,9,19,30,45],0.44505494505494503,162,364
[7,10,19,20,30],0.44505494505494503,162,364
[9,10,19,20,45],0.44505494505494503,162,364
[1,3,5,7,9,30],0.44505494505494503,162,364
[1,5,10,19,20,45],0.44505494505494503,162,364
[3,5,7,10,30,45],0.44505494505494503,162,364
[1,3,5,19,30],0.4423076923076923,161,364
[1,7,10,19,30],0.4423076923076923,161,364
[5,7,9,10,20,45],0.4423076923076923,161,364
[1,3,5,9,19],0.43956043956043955,160,364
[1,9,10,19,20],0.43956043956043955,160,364
[3,7,9,10,20],0.43956043956043955,160,364
[3,7,9,19,45],0.43956043956043955,160,364
[3,7,19,30,45],0.43956043956043955,160,364
[7,10,19,20,45],0.43956043956043955,160,364
[1,3,5,7,9,10],0.43956043956043955,160,364
[1,5,7,9,20,45],0.43956043956043955,160,364
[1,5,7,10,19,20],0.43956043956043955,160,364
[3,9,10,19],0.4368131868131868,159,364
[1,5,9,19,20],0.4368131868131868,159,364
[1,19,20,30,45],0.4368131868131868,159,364
[3,7,9,20,30],0.4368131868131868,159,364
[5,7,10,19,45],0.4368131868131868,159,364
[5,7,19,20,45],0.4368131868131868,159,364
[1,3,9,10,20,45],0.4368131868131868,159,364
[1,5,10,19,20,30],0.4368131868131868,159,364
[3,5,7,9,30,45],0.4368131868131868,159,364
[1,3,5,7,10,20,45],0.4368131868131868,159,364
[1,7,9,19,30],0.4340659340659341,158,364
[1,10,19,30,45],0.4340659340659341,158,364
[5,9,10,19,45],0.4340659340659341,158,364
[1,3,5,9,10,30],0.4340659340659341,158,364
[1,3,7,20,30,45],0.4340659340659341,158,364
[1,5,9,20,30,45],0.4340659340659341,158,364
[1,3,5,10,20,30,45],0.4340659340659341,158,364
[1,5,7,10,20,30,45],0.4340659340659341,158,364
[1,3,9,19,30],0.43131868131868134,157,364
[1,5,7,9,10,30],0.43131868131868134,157,364
[1,7,9,10,20,45],0.43131868131868134,157,364
[3,5,7,19,45],0.42857142857142855,156,364
[5,7,10,19,30],0.42857142857142855,156,364
[5,9,19,20,45],0.42857142857142855,156,364
[3,5,9,10,20,30],0.42857142857142855,156,364
[7,9,10,19],0.4258241758241758,155,364
[1,3,10,19,30],0.4258241758241758,155,364
[3,10,19,20,30],0.4258241758241758,155,364
[5,7,19,20,30],0.4258241758241758,155,364
[9,10,19,20,30],0.4258241758241758,155,364
[1,3,5,7,9,20],0.4258241758241758,155,364
[1,3,5,10,19,20],0.4258241758241758,155,364
[1,3,7,9,10,45],0.4258241758241758,155,364
[1,3,7,9,20,45],0.4258241758241758,155,364
[3,5,7,20,30,45],0.4258241758241758,155,364
[3,7,10,20,30,45],0.4258241758241758,155,364
[5,10,19,20,30,45],0.4258241758241758,155,364
[1,3,5,7,10,20,30],0.4258241758241758,155,364
[1,3,7,10,19],0.4230769230769231,154,364
[1,3,10,19,45],0.4230769230769231,154,364
[1,3,19,20,45],0.4230769230769231,154,364
[1,9,19,20,45],0.4230769230769231,154,364
[3,5,10,19,45],0.4230769230769231,154,364
[3,7,9,10,30],0.4230769230769231,154,364
[5,7,9,19,45],0.4230769230769231,154,364
[5,9,19,30,45],0.4230769230769231,154,364
[1,9,10,20,30,45],0.4230769230769231,154,364
[3,5,7,9,10,45],0.4230769230769231,154,364
[5,7,9,10,20,30],0.4230769230769231,154,364
[5,7,9,10,30,45],0.4230769230769231,154,364
[1,3,7,19,20],0.42032967032967034,153,364
[1,9,10,19,45],0.42032967032967034,153,364
[5,9,10,19,30],0.42032967032967034,153,364
[1,5,9,19,30],0.4175824175824176,152,364
[3,5,9,19,45],0.4175824175824176,152,364
[3,5,10,19,30],0.4175824175824176,152,364
[3,5,19,20,45],0.4175824175824176,152,364
[7,9,19,30,45],0.4175824175824176,152,364
[1,3,7,9,10,20],0.4175824175824176,152,364
[3,5,9,10,30,45],0.4175824175824176,152,364
[1,3,19,20,30],0.41483516483516486,151,364
[3,5,19,20,30],0.41483516483516486,151,364
[3,9,19,30,45],0.41483516483516486,151,364
[3,10,19,20,45],0.41483516483516486,151,364
[5,7,19,30,45],0.41483516483516486,151,364
[9,19,20,30,45],0.41483516483516486,151,364
[1,3,5,9,20,30],0.41483516483516486,151,364
[1,5,7,9,20,30],0.41483516483516486,151,364
[1,3,5,7,10,30,45],0.41483516483516486,151,364
[1,3,5,9,10,20,45],0.41483516483516486,151,364
[5,9,19,20,30],0.41208791208791207,150,364
[7,19,20,30,45],0.41208791208791207,150,364
[1,3,9,10,30,45],0.41208791208791207,150,364
[1,7,9,10,20,30],0.41208791208791207,150,364
[1,7,9,10,30,45],0.41208791208791207,150,364
[3,5,7,9,10,20],0.41208791208791207,150,364
[3,5,7,19,30],0.40934065934065933,149,364
[3,5,19,30,45],0.40934065934065933,149,364
[1,3,9,10,20,30],0.40934065934065933,149,364
[1,3,9,20,30,45],0.40934065934065933,149,364
[1,7,9,20,30,45],0.40934065934065933,149,364
[3,5,7,9,20,45],0.40934065934065933,149,364
[3,5,7,10,19],0.4065934065934066,148,364
[3,5,9,20,30,45],0.4065934065934066,148,364
[5,7,9,20,30,45],0.4065934065934066,148,364
[1,3,5,7,9,30,45],0.4065934065934066,148,364
[1,3,9,10,19],0.40384615384615385,147,364
[3,7,10,19,20],0.40384615384615385,147,364
[9,10,19,30,45],0.40384615384615385,147,364
[1,5,7,10,19,45],0.40384615384615385,147,364
[1,7,10,19,20,30],0.40384615384615385,147,364
[1,5,9,10,20,30,45],0.40384615384615385,147,364
[3,5,7,19,20],0.4010989010989011,146,364
[7,10,19,30,45],0.4010989010989011,146,364
[1,3,7,19,30,45],0.4010989010989011,146,364
[1,5,7,10,19,30],0.4010989010989011,146,364
[1,5,9,10,19,20],0.4010989010989011,146,364
[1,3,5,7,9,10,45],0.4010989010989011,146,364
[1,5,7,9,10,20,45],0.4010989010989011,146,364
[3,7,9,19,30],0.3983516483516483,145,364
[3,7,19,20,45],0.3983516483516483,145,364
[3,19,20,30,45],0.3983516483516483,145,364
[1,3,5,7,19,45],0.3983516483516483,145,364
[1,3,7,9,10,30],0.3983516483516483,145,364
[1,3,7,9,19,45],0.3983516483516483,145,364
[7,9,10,20,30,45],0.3983516483516483,145,364
[1,7,9,19,20],0.3956043956043956,144,364
[1,9,10,19,30],0.3956043956043956,144,364
[1,3,7,9,20,30],0.3956043956043956,144,364
[1,5,7,19,20,30],0.3956043956043956,144,364
[1,5,10,19,30,45],0.3956043956043956,144,364
[1,7,10,19,20,45],0.3956043956043956,144,364
[3,7,9,10,20,45],0.3956043956043956,144,364
[3,7,9,20,30,45],0.3956043956043956,144,364
[3,9,10,20,30,45],0.3956043956043956,144,364
[5,7,10,19,20,30],0.3956043956043956,144,364
[1,7,9,10,19],0.39285714285714285,143,364
[3,7,19,20,30],0.39285714285714285,143,364
[1,5,7,19,20,45],0.39285714285714285,143,364
[3,5,7,9,10,30],0.39285714285714285,143,364
[5,7,10,19,20,45],0.39285714285714285,143,364
[1,3,5,7,9,10,20],0.39285714285714285,143,364
[1,3,5,7,20,30,45],0.39285714285714285,143,364
[1,3,5,9,10,20,30],0.39285714285714285,143,364
[3,5,7,10,20,30,45],0.39285714285714285,143,364
[1,3,9,19,20],0.3901098901098901,142,364
[3,5,7,9,19],0.3901098901098901,142,364
[3,9,19,20,45],0.3901098901098901,142,364
[7,9,19,20,45],0.3901098901098901,142,364
[1,3,5,7,19,30],0.3901098901098901,142,364
[1,3,5,10,19,45],0.3901098901098901,142,364
[1,3,5,9,10,30,45],0.3901098901098901,142,364
[1,9,19,20,30],0.3873626373626374,141,364
[3,5,9,10,19],0.3873626373626374,141,364
[3,7,10,19,30],0.3873626373626374,141,364
[5,7,9,10,19],0.3873626373626374,141,364
[5,7,9,19,30],0.3873626373626374,141,364
[1,3,5,7,10,19],0.3873626373626374,141,364
[1,10,19,20,30,45],0.3873626373626374,141,364
[3,5,10,19,20,30],0.3873626373626374,141,364
[3,7,9,10,30,45],0.3873626373626374,141,364
[5,9,10,19,20,45],0.3873626373626374,141,364
[1,3,7,10,20,30,45],0.3873626373626374,141,364
[1,5,7,9,10,20,30],0.3873626373626374,141,364
[3,9,10,19,20],0.38461538461538464,140,364
[3,10,19,30,45],0.38461538461538464,140,364
[1,3,5,10,19,30],0.38461538461538464,140,364
[1,5,7,9,19,45],0.38461538461538464,140,364
[1,5,7,19,30,45],0.38461538461538464,140,364
[5,9,10,19,20,30],0.38461538461538464,140,364
[1,3,5,7,9,20,45],0.38461538461538464,140,364
[1,5,7,9,10,30,45],0.38461538461538464,140,364
[3,5,9,19,30],0.38186813186813184,139,364
[1,5,19,20,30,45],0.38186813186813184,139,364
[3,5,10,19,20,45],0.38186813186813184,139,364
[3,5,9,19,20],0.3791208791208791,138,364
[5,7,9,19,20],0.3791208791208791,138,364
[7,9,10,19,20],0.3791208791208791,138,364
[1,3,5,9,19,45],0.3791208791208791,138,364
[1,3,7,10,19,20],0.3791208791208791,138,364
[1,5,9,10,19,45],0.3791208791208791,138,364
[3,5,7,9,20,30],0.3791208791208791,138,364
[3,7,10,19,45],0.37637362637362637,137,364
[1,3,5,7,19,20],0.37637362637362637,137,364
[1,3,5,19,20,45],0.37637362637362637,137,364
[1,3,10,19,20,30],0.37637362637362637,137,364
[1,3,10,19,20,45],0.37637362637362637,137,364
[1,7,9,19,30,45],0.37362637362637363,136,364
[3,7,9,10,20,30],0.37362637362637363,136,364
[1,3,5,7,9,10,30],0.37362637362637363,136,364
[1,3,7,9,10,20,45],0.37362637362637363,136,364
[3,5,9,10,20,30,45],0.37362637362637363,136,364
[5,7,9,10,20,30,45],0.37362637362637363,136,364
[1,3,5,19,20,30],0.3708791208791209,135,364
[1,3,7,9,19,30],0.3708791208791209,135,364
[1,3,9,19,30,45],0.3708791208791209,135,364
[1,5,9,19,20,45],0.3708791208791209,135,364
[1,7,19,20,30,45],0.3708791208791209,135,364
[1,9,10,19,20,45],0.3708791208791209,135,364
[1,3,5,9,20,30,45],0.3708791208791209,135,364
[3,5,7,9,10,20,45],0.3708791208791209,135,364
[7,9,10,19,45],0.36813186813186816,134,364
[1,3,5,7,9,19],0.36813186813186816,134,364
[1,3,5,19,30,45],0.36813186813186816,134,364
[3,5,7,10,19,20],0.36813186813186816,134,364
[1,5,7,10,19,20,30],0.36813186813186816,134,364
[3,9,10,19,45],0.36538461538461536,133,364
[3,9,19,20,30],0.36538461538461536,133,364
[7,9,19,20,30],0.36538461538461536,133,364
[1,3,5,9,10,19],0.36538461538461536,133,364
[1,5,7,9,20,30,45],0.36538461538461536,133,364
[1,3,5,7,10,20,30,45],0.36538461538461536,133,364
[1,3,7,10,19,30],0.3626373626373626,132,364
[1,7,10,19,30,45],0.3626373626373626,132,364
[7,10,19,20,30,45],0.3626373626373626,132,364
[1,3,7,9,10,30,45],0.3626373626373626,132,364
[3,9,10,19,30],0.3598901098901099,131,364
[7,9,10,19,30],0.3598901098901099,131,364
[1,5,7,9,10,19],0.3598901098901099,131,364
[1,5,9,10,19,30],0.3598901098901099,131,364
[9,10,19,20,30,45],0.3598901098901099,131,364
[1,3,9,10,20,30,45],0.3598901098901099,131,364
[1,7,9,10,20,30,45],0.3598901098901099,131,364
[3,5,7,9,10,30,45],0.3598901098901099,131,364
[3,7,9,19,20],0.35714285714285715,130,364
[1,3,7,19,20,30],0.35714285714285715,130,364
[1,5,7,9,19,30],0.35714285714285715,130,364
[1,5,9,19,30,45],0.35714285714285715,130,364
[5,7,10,19,30,45],0.35714285714285715,130,364
[5,7,19,20,30,45],0.35714285714285715,130,364
[5,9,10,19,30,45],0.35714285714285715,130,364
[1,3,5,7,9,20,30],0.35714285714285715,130,364
[1,3,7,9,20,30,45],0.35714285714285715,130,364
[1,5,7,10,19,20,45],0.35714285714285715,130,364
[1,5,10,19,20,30,45],0.35714285714285715,130,364
[1,3,5,9,19,20],0.3516483516483517,128,364
[1,3,7,10,19,45],0.3516483516483517,128,364
[1,3,7,19,20,45],0.3516483516483517,128,364
[1,3,9,10,19,20],0.3516483516483517,128,364
[1,3,5,10,19,20,30],0.3516483516483517,128,364
[1,3,7,9,10,20,30],0.3516483516483517,128,364
[1,3,5,7,9,10,20,45],0.3516483516483517,128,364
[1,3,5,9,19,30],0.3489010989010989,127,364
[1,3,10,19,30,45],0.3489010989010989,127,364
[1,5,7,9,19,20],0.3489010989010989,127,364
[1,7,9,10,19,20],0.3489010989010989,127,364
[1,9,10,19,20,30],0.3489010989010989,127,364
[3,5,9,10,19,20],0.3489010989010989,127,364
[3,7,9,19,30,45],0.3489010989010989,127,364
[3,7,10,19,20,30],0.3489010989010989,127,364
[5,9,19,20,30,45],0.3489010989010989,127,364
[1,3,5,7,10,19,20],0.3489010989010989,127,364
[1,3,5,10,19,20,45],0.3489010989010989,127,364
[3,5,7,9,10,20,30],0.3489010989010989,127,364
[1,3,19,20,30,45],0.34615384615384615,126,364
[1,5,9,19,20,30],0.34615384615384615,126,364
[3,5,7,10,19,45],0.34615384615384615,126,364
[3,5,10,19,30,45],0.34615384615384615,126,364
[3,10,19,20,30,45],0.34615384615384615,126,364
[1,3,5,9,10,20,30,45],0.34615384615384615,126,364
[3,5,7,10,19,30],0.3434065934065934,125,364
[3,5,7,19,30,45],0.3434065934065934,125,364
[3,5,19,20,30,45],0.3434065934065934,125,364
[5,7,9,10,19,20],0.3434065934065934,125,364
[3,5,7,9,20,30,45],0.3434065934065934,125,364
[1,3,9,10,19,45],0.34065934065934067,124,364
[1,9,10,19,30,45],0.34065934065934067,124,364
[3,5,7,9,19,45],0.34065934065934067,124,364
[3,5,7,19,20,45],0.34065934065934067,124,364
[1,3,5,7,9,10,30,45],0.34065934065934067,124,364
[1,7,9,19,20,45],0.33791208791208793,123,364
[3,5,7,19,20,30],0.33791208791208793,123,364
[1,5,7,9,10,20,30,45],0.33791208791208793,123,364
[3,7,9,10,19],0.33516483516483514,122,364
[1,3,9,19,20,45],0.33516483516483514,122,364
[1,7,9,10,19,45],0.33516483516483514,122,364
[1,9,19,20,30,45],0.33516483516483514,122,364
[3,7,10,19,20,45],0.33516483516483514,122,364
[3,7,19,20,30,45],0.33516483516483514,122,364
[1,5,9,10,19,20,45],0.33516483516483514,122,364
[3,7,9,10,20,30,45],0.33516483516483514,122,364
[1,3,9,10,19,30],0.3324175824175824,121,364
[5,7,9,10,19,45],0.3324175824175824,121,364
[5,7,9,19,30,45],0.3324175824175824,121,364
[1,3,5,7,9,10,20,30],0.3324175824175824,121,364
[1,7,9,10,19,30],0.32967032967032966,120,364
[3,5,9,10,19,45],0.32967032967032966,120,364
[1,3,5,7,10,19,30],0.32967032967032966,120,364
[1,5,7,10,19,30,45],0.32967032967032966,120,364
[1,7,9,19,20,30],0.3269230769230769,119,364
[3,5,9,19,30,45],0.3269230769230769,119,364
[3,7,10,19,30,45],0.3269230769230769,119,364
[5,7,9,10,19,30],0.3269230769230769,119,364
[1,3,5,7,10,19,45],0.3269230769230769,119,364
[1,3,5,9,10,19,20],0.3269230769230769,119,364
[1,3,7,9,10,19],0.3241758241758242,118,364
[3,5,9,19,20,45],0.3241758241758242,118,364
[5,7,9,19,20,45],0.3241758241758242,118,364
[1,3,5,7,19,30,45],0.3241758241758242,118,364
[1,3,7,9,19,30,45],0.3241758241758242,118,364
[1,3,7,10,19,20,30],0.3241758241758242,118,364
[1,5,7,19,20,30,45],0.3241758241758242,118,364
[1,5,9,10,19,20,30],0.3241758241758242,118,364
[1,7,10,19,20,30,45],0.3241758241758242,118,364
[5,7,10,19,20,30,45],0.3241758241758242,118,364
[1,3,7,9,19,20],0.32142857142857145,117,364
[3,9,10,19,20,45],0.32142857142857145,117,364
[7,9,10,19,20,30],0.32142857142857145,117,364
[7,9,10,19,20,45],0.32142857142857145,117,364
[1,3,5,7,9,19,45],0.32142857142857145,117,364
[1,3,5,10,19,30,45],0.32142857142857145,117,364
[5,9,10,19,20,30,45],0.32142857142857145,117,364
[1,3,5,7,9,20,30,45],0.32142857142857145,117,364
[1,3,9,19,20,30],0.31868131868131866,116,364
[3,5,9,10,19,30],0.31868131868131866,116,364
[3,9,10,19,20,30],0.31868131868131866,116,364
[5,7,9,19,20,30],0.31868131868131866,116,364
[1,3,5,7,19,20,30],0.31868131868131866,116,364
[1,5,7,9,10,19,20],0.31868131868131866,116,364
[3,5,7,9,19,30],0.3159340659340659,115,364
[3,5,9,19,20,30],0.3159340659340659,115,364
[7,9,19,20,30,45],0.3159340659340659,115,364
[1,3,5,7,19,20,45],0.3159340659340659,115,364
[3,5,10,19,20,30,45],0.3159340659340659,115,364
[3,7,9,19,20,45],0.3131868131868132,114,364
[3,9,19,20,30,45],0.3131868131868132,114,364
[7,9,10,19,30,45],0.3131868131868132,114,364
[1,3,5,9,10,19,45],0.3131868131868132,114,364
[3,5,7,10,19,20,30],0.3131868131868132,114,364
[1,3,7,9,10,20,30,45],0.3131868131868132,114,364
[3,5,7,9,10,20,30,45],0.3131868131868132,114,364
[1,3,7,10,19,20,45],0.31043956043956045,113,364
[3,5,7,9,10,19],0.3076923076923077,112,364
[1,3,5,19,20,30,45],0.3076923076923077,112,364
[1,3,10,19,20,30,45],0.3076923076923077,112,364
[1,5,9,10,19,30,45],0.3076923076923077,112,364
[3,5,7,10,19,20,45],0.3076923076923077,112,364
[3,9,10,19,30,45],0.30494505494505497,111,364
[1,3,5,7,9,19,30],0.30494505494505497,111,364
[1,5,7,9,10,19,45],0.30494505494505497,111,364
[3,5,7,9,19,20],0.3021978021978022,110,364
[1,3,5,9,10,19,30],0.3021978021978022,110,364
[1,3,7,10,19,30,45],0.3021978021978022,110,364
[1,5,7,9,10,19,30],0.3021978021978022,110,364
[1,5,7,9,19,30,45],0.3021978021978022,110,364
[3,7,9,19,20,30],0.29945054945054944,109,364
[1,3,5,7,9,10,19],0.29945054945054944,109,364
[1,3,5,9,19,20,45],0.29945054945054944,109,364
[1,3,5,9,19,30,45],0.29945054945054944,109,364
[1,3,7,19,20,30,45],0.29945054945054944,109,364
[1,3,5,7,10,19,20,30],0.29945054945054944,109,364
[3,7,9,10,19,20],0.2967032967032967,108,364
[1,3,9,10,19,20,45],0.2967032967032967,108,364
[1,9,10,19,20,30,45],0.2967032967032967,108,364
[1,5,7,10,19,20,30,45],0.2967032967032967,108,364
[1,3,5,7,9,10,20,30,45],0.2967032967032967,108,364
[3,7,9,10,19,45],0.29395604395604397,107,364
[1,5,7,9,19,20,45],0.29395604395604397,107,364
[1,5,9,19,20,30,45],0.29395604395604397,107,364
[1,7,9,10,19,20,30],0.29395604395604397,107,364
[5,7,9,10,19,20,30],0.29395604395604397,107,364
[3,7,9,10,19,30],0.29120879120879123,106,364
[1,5,7,9,19,20,30],0.29120879120879123,106,364
[1,7,9,10,19,20,45],0.29120879120879123,106,364
[3,5,7,10,19,30,45],0.29120879120879123,106,364
[3,5,9,10,19,20,30],0.29120879120879123,106,364
[3,5,9,10,19,20,45],0.29120879120879123,106,364
[3,7,10,19,20,30,45],0.29120879120879123,106,364
[1,3,5,7,9,19,20],0.28846153846153844,105,364
[1,3,5,9,19,20,30],0.28846153846153844,105,364
[1,3,9,10,19,20,30],0.28846153846153844,105,364
[5,7,9,10,19,20,45],0.28846153846153844,105,364
[1,3,5,7,10,19,20,45],0.28846153846153844,105,364
[1,3,5,10,19,20,30,45],0.28846153846153844,105,364
[1,3,7,9,10,19,20],0.2857142857142857,104,364
[1,3,9,10,19,30,45],0.2857142857142857,104,364
[3,5,7,19,20,30,45],0.2857142857142857,104,364
[1,3,7,9,10,19,45],0.28296703296703296,103,364
[1,7,9,10,19,30,45],0.28296703296703296,103,364
[1,3,7,9,10,19,30],0.2802197802197802,102,364
[1,3,7,9,19,20,45],0.2802197802197802,102,364
[1,7,9,19,20,30,45],0.2802197802197802,102,364
[5,7,9,10,19,30,45],0.2802197802197802,102,364
[1,3,9,19,20,30,45],0.2774725274725275,101,364
[1,3,5,7,10,19,30,45],0.2774725274725275,101,364
[1,3,7,9,19,20,30],0.27472527472527475,100,364
[3,5,7,9,19,30,45],0.27472527472527475,100,364
[7,9,10,19,20,30,45],0.27472527472527475,100,364
[1,3,5,9,10,19,20,45],0.27472527472527475,100,364
[3,5,7,9,10,19,20],0.27197802197802196,99,364
[3,5,9,10,19,30,45],0.27197802197802196,99,364
[5,7,9,19,20,30,45],0.27197802197802196,99,364
[1,3,5,9,10,19,20,30],0.27197802197802196,99,364
[1,5,7,9,10,19,20,30],0.27197802197802196,99,364
[1,5,9,10,19,20,30,45],0.27197802197802196,99,364
[3,5,7,9,10,19,45],0.2692307692307692,98,364
[3,5,9,19,20,30,45],0.2692307692307692,98,364
[3,9,10,19,20,30,45],0.2692307692307692,98,364
[1,3,5,7,19,20,30,45],0.2664835164835165,97,364
[1,3,7,10,19,20,30,45],0.2664835164835165,97,364
[3,5,7,9,10,19,30],0.26373626373626374,96,364
[3,5,7,9,19,20,45],0.26373626373626374,96,364
[3,7,9,19,20,30,45],0.26373626373626374,96,364
[1,3,5,7,9,10,19,20],0.26373626373626374,96,364
[1,3,5,7,9,19,30,45],0.26373626373626374,96,364
[1,5,7,9,10,19,20,45],0.26373626373626374,96,364
[1,3,5,7,9,10,19,45],0.260989010989011,95,364
[1,3,5,9,10,19,30,45],0.260989010989011,95,364
[3,5,7,10,19,20,30,45],0.260989010989011,95,364
[3,5,7,9,19,20,30],0.25824175824175827,94,364
[3,7,9,10,19,20,30],0.25824175824175827,94,364
[3,7,9,10,19,30,45],0.25824175824175827,94,364
[1,3,5,7,9,10,19,30],0.25824175824175827,94,364
[3,7,9,10,19,20,45],0.2554945054945055,93,364
[1,5,7,9,10,19,30,45],0.2554945054945055,93,364
[1,3,5,7,9,19,20,45],0.25,91,364
[1,3,5,7,9,19,20,30],0.24725274725274726,90,364
[1,3,5,9,19,20,30,45],0.24725274725274726,90,364
[1,3,7,9,10,19,20,30],0.24725274725274726,90,364
[1,3,7,9,10,19,30,45],0.24725274725274726,90,364
[1,3,9,10,19,20,30,45],0.24725274725274726,90,364
[1,7,9,10,19,20,30,45],0.24725274725274726,90,364
[5,7,9,10,19,20,30,45],0.24725274725274726,90,364
[1,3,5,7,10,19,20,30,45],0.24725274725274726,90,364
[1,3,7,9,10,19,20,45],0.2445054945054945,89,364
[1,5,7,9,19,20,30,45],0.2445054945054945,89,364
[3,5,9,10,19,20,30,45],0.2445054945054945,89,364
[1,3,7,9,19,20,30,45],0.24175824175824176,88,364
[3,5,7,9,10,19,20,30],0.23626373626373626,86,364
[3,5,7,9,10,19,20,45],0.23351648351648352,85,364
[3,5,7,9,10,19,30,45],0.23076923076923078,84,364
[1,3,5,7,9,10,19,20,30],0.23076923076923078,84,364
[1,3,5,9,10,19,20,30,45],0.23076923076923078,84,364
[3,5,7,9,19,20,30,45],0.22527472527472528,82,364
[3,7,9,10,19,20,30,45],0.22527472527472528,82,364
[1,3,5,7,9,10,19,20,45],0.22527472527472528,82,364
[1,3,5,7,9,10,19,30,45],0.22527472527472528,82,364
[1,5,7,9,10,19,20,30,45],0.22527472527472528,82,364
[1,3,5,7,9,19,20,30,45],0.21428571428571427,78,364
[1,3,7,9,10,19,20,30,45],0.21428571428571427,78,364
[3,5,7,9,10,19,20,30,45],0.2032967032967033,74,364
[1,3,5,7,9,10,19,20,30,45],0.1978021978021978,72,364
