time,open,high,low,close,Plot
-3121407564,4.5,4.5,4.5,4.5,4.5
-3118988364,4.61,4.61,4.61,4.61,4.61
-3113717964,4.86,4.86,4.86,4.86,4.86
-3111039564,4.82,4.82,4.82,4.82,4.82
-3105769164,4.79,4.79,4.79,4.79,4.79
-3103090764,4.84,4.84,4.84,4.84,4.84
-3097820364,4.64,4.64,4.64,4.64,4.64
-3095228364,4.74,4.74,4.74,4.74,4.74
-3092549964,4.86,4.86,4.86,4.86,4.86
-3089871564,4.88,4.88,4.88,4.88,4.88
-3087365964,5.04,5.04,5.04,5.04,5.04
-3084687564,5.18,5.18,5.18,5.18,5.18
-3082095564,5.18,5.18,5.18,5.18,5.18
-3076825164,5.1,5.1,5.1,5.1,5.1
-3074146764,5.04,5.04,5.04,5.04,5.04
-3068876364,4.97,4.97,4.97,4.97,4.97
-3066197964,4.95,4.95,4.95,4.95,4.95
-3060927564,5.11,5.11,5.11,5.11,5.11
-3053151564,5.04,5.04,5.04,5.04,5.04
-3050559564,5.05,5.05,5.05,5.05,5.05
-3045289164,4.97,4.97,4.97,4.97,4.97
-3042610764,4.97,4.97,4.97,4.97,4.97
-3039932364,4.59,4.59,4.59,4.59,4.59
-3037340364,4.19,4.19,4.19,4.19,4.19
-3032069964,4.42,4.42,4.42,4.42,4.42
-3029391564,4.66,4.66,4.66,4.66,4.66
-3021615564,4.6,4.6,4.6,4.6,4.6
-3019023564,4.48,4.48,4.48,4.48,4.48
-3016345164,4.46,4.46,4.46,4.46,4.46
-3013753164,4.46,4.46,4.46,4.46,4.46
-3008396364,4.54,4.54,4.54,4.54,4.54
-3005804364,4.53,4.53,4.53,4.53,4.53
-3000533964,4.54,4.54,4.54,4.54,4.54
-2997855564,4.54,4.54,4.54,4.54,4.54
-2995177164,4.53,4.53,4.53,4.53,4.53
-2992757964,4.59,4.59,4.59,4.59,4.59
-2990079564,4.65,4.65,4.65,4.65,4.65
-2984809164,4.38,4.38,4.38,4.38,4.38
-2982217164,4.39,4.39,4.39,4.39,4.39
-2976860364,4.37,4.37,4.37,4.37,4.37
-2974268364,4.3,4.3,4.3,4.3,4.3
-2971589964,4.37,4.37,4.37,4.37,4.37
-2968997964,4.37,4.37,4.37,4.37,4.37
-2963641164,4.52,4.52,4.52,4.52,4.52
-2961135564,4.51,4.51,4.51,4.51,4.51
-2955865164,4.18,4.18,4.18,4.18,4.18
-2953186764,4.15,4.15,4.15,4.15,4.15
-2947916364,3.93,3.93,3.93,3.93,3.93
-2945237964,3.69,3.69,3.69,3.69,3.69
-2939967564,3.6,3.6,3.6,3.6,3.6
-2937375564,3.58,3.58,3.58,3.58,3.58
-2934697164,3.55,3.55,3.55,3.55,3.55
-2932018764,3.34,3.34,3.34,3.34,3.34
-2929599564,3.17,3.17,3.17,3.17,3.17
-2924329164,2.94,2.94,2.94,2.94,2.94
-2921650764,2.73,2.73,2.73,2.73,2.73
-2916380364,3.05,3.05,3.05,3.05,3.05
-2911109964,3.31,3.31,3.31,3.31,3.31
-2908431564,3.26,3.26,3.26,3.26,3.26
-2903161164,3.25,3.25,3.25,3.25,3.25
-2900482764,3.18,3.18,3.18,3.18,3.18
-2898063564,3.24,3.24,3.24,3.24,3.24
-2895385164,3.33,3.33,3.33,3.33,3.33
-2892793164,3.34,3.34,3.34,3.34,3.34
-2887522764,3.48,3.48,3.48,3.48,3.48
-2884844364,3.45,3.45,3.45,3.45,3.45
-2879573964,3.48,3.48,3.48,3.48,3.48
-2876895564,3.47,3.47,3.47,3.47,3.47
-2871625164,3.58,3.58,3.58,3.58,3.58
-2863849164,3.77,3.77,3.77,3.77,3.77
-2861257164,3.94,3.94,3.94,3.94,3.94
-2855986764,4.04,4.04,4.04,4.04,4.04
-2853308364,4.07,4.07,4.07,4.07,4.07
-2850629964,4.22,4.22,4.22,4.22,4.22
-2848037964,4.68,4.68,4.68,4.68,4.68
-2842767564,4.92,4.92,4.92,4.92,4.92
-2840089164,5.11,5.11,5.11,5.11,5.11
-2834905164,5.3,5.3,5.3,5.3,5.3
-2832226764,5.18,5.18,5.18,5.18,5.18
-2826956364,4.79,4.79,4.79,4.79,4.79
-2824364364,5.01,5.01,5.01,5.01,5.01
-2819007564,5.18,5.18,5.18,5.18,5.18
-2816415564,5.33,5.33,5.33,5.33,5.33
-2813737164,5.61,5.61,5.61,5.61,5.61
-2811145164,5.84,5.84,5.84,5.84,5.84
-2805788364,6.17,6.17,6.17,6.17,6.17
-2803369164,6.24,6.24,6.24,6.24,6.24
-2800690764,6.22,6.22,6.22,6.22,6.22
-2795420364,6.58,6.58,6.58,6.58,6.58
-2792828364,6.35,6.35,6.35,6.35,6.35
-2790149964,6.2,6.2,6.2,6.2,6.2
-2787471564,6.25,6.25,6.25,6.25,6.25
-2782201164,6.19,6.19,6.19,6.19,6.19
-2779609164,6.01,6.01,6.01,6.01,6.01
-2774252364,5.79,5.79,5.79,5.79,5.79
-2771833164,5.78,5.78,5.78,5.78,5.78
-2766562764,5.71,5.71,5.71,5.71,5.71
-2763884364,5.68,5.68,5.68,5.68,5.68
-2758613964,6.18,6.18,6.18,6.18,6.18
-2755935564,6.24,6.24,6.24,6.24,6.24
-2750665164,5.81,5.81,5.81,5.81,5.81
-2748073164,5.84,5.84,5.84,5.84,5.84
-2745394764,5.81,5.81,5.81,5.81,5.81
-2742716364,5.68,5.68,5.68,5.68,5.68
-2740297164,5.75,5.75,5.75,5.75,5.75
-2735026764,5.77,5.77,5.77,5.77,5.77
-2732348364,5.82,5.82,5.82,5.82,5.82
-2727077964,5.47,5.47,5.47,5.47,5.47
-2721807564,5.38,5.38,5.38,5.38,5.38
-2719129164,5.46,5.46,5.46,5.46,5.46
-2713858200,5.18,5.18,5.18,5.18,5.18
-2711179800,5.32,5.32,5.32,5.32,5.32
-2705995800,5.06,5.06,5.06,5.06,5.06
-2703403800,4.65,4.65,4.65,4.65,4.65
-2698133400,4.46,4.46,4.46,4.46,4.46
-2695455000,4.74,4.74,4.74,4.74,4.74
-2692776600,4.59,4.59,4.59,4.59,4.59
-2690184600,4.44,4.44,4.44,4.44,4.44
-2684914200,4.34,4.34,4.34,4.34,4.34
-2682235800,4.24,4.24,4.24,4.24,4.24
-2674459800,4.37,4.37,4.37,4.37,4.37
-2671867800,4.32,4.32,4.32,4.32,4.32
-2669189400,4.3,4.3,4.3,4.3,4.3
-2666597400,4.46,4.46,4.46,4.46,4.46
-2661240600,4.65,4.65,4.65,4.65,4.65
-2658648600,4.92,4.92,4.92,4.92,4.92
-2653378200,5.2,5.2,5.2,5.2,5.2
-2650699800,5.2,5.2,5.2,5.2,5.2
-2648021400,5.3,5.3,5.3,5.3,5.3
-2645602200,5.19,5.19,5.19,5.19,5.19
-2642923800,5.12,5.12,5.12,5.12,5.12
-2637653400,5.25,5.25,5.25,5.25,5.25
-2635061400,5.33,5.33,5.33,5.33,5.33
-2629704600,5.51,5.51,5.51,5.51,5.51
-2627112600,5.65,5.65,5.65,5.65,5.65
-2624434200,5.79,5.79,5.79,5.79,5.79
-2621842200,5.64,5.64,5.64,5.64,5.64
-2616485400,5.54,5.54,5.54,5.54,5.54
-2614066200,5.67,5.67,5.67,5.67,5.67
-2611387800,5.8,5.8,5.8,5.8,5.8
-2606117400,5.73,5.73,5.73,5.73,5.73
-2603525400,5.59,5.59,5.59,5.59,5.59
-2600847000,5.45,5.45,5.45,5.45,5.45
-2598168600,5.38,5.38,5.38,5.38,5.38
-2592898200,5.3,5.3,5.3,5.3,5.3
-2590306200,5.27,5.27,5.27,5.27,5.27
-2584949400,5.28,5.28,5.28,5.28,5.28
-2582443800,5.08,5.08,5.08,5.08,5.08
-2577173400,5.17,5.17,5.17,5.17,5.17
-2574495000,5.01,5.01,5.01,5.01,5.01
-2569224600,5.25,5.25,5.25,5.25,5.25
-2563954200,5.35,5.35,5.35,5.35,5.35
-2561275800,5.24,5.24,5.24,5.24,5.24
-2556005400,5.24,5.24,5.24,5.24,5.24
-2553327000,5.3,5.3,5.3,5.3,5.3
-2550907800,5.19,5.19,5.19,5.19,5.19
-2548229400,5.18,5.18,5.18,5.18,5.18
-2545637400,5.32,5.32,5.32,5.32,5.32
-2540367000,5.3,5.3,5.3,5.3,5.3
-2537688600,5.37,5.37,5.37,5.37,5.37
-2532418200,5.4,5.4,5.4,5.4,5.4
-2529739800,5.35,5.35,5.35,5.35,5.35
-2524469400,5.38,5.38,5.38,5.38,5.38
-2516693400,5.39,5.39,5.39,5.39,5.39
-2514101400,5.62,5.62,5.62,5.62,5.62
-2508831000,5.54,5.54,5.54,5.54,5.54
-2506152600,5.41,5.41,5.41,5.41,5.41
-2503474200,5.32,5.32,5.32,5.32,5.32
-2500882200,5.08,5.08,5.08,5.08,5.08
-2495611800,4.6,4.6,4.6,4.6,4.6
-2492933400,4.84,4.84,4.84,4.84,4.84
-2485157400,4.97,4.97,4.97,4.97,4.97
-2482565400,4.95,4.95,4.95,4.95,4.95
-2479887000,4.85,4.85,4.85,4.85,4.85
-2477295000,4.77,4.77,4.77,4.77,4.77
-2471938200,5.33,5.33,5.33,5.33,5.33
-2469346200,5.33,5.33,5.33,5.33,5.33
-2464075800,5.41,5.41,5.41,5.41,5.41
-2461397400,5.51,5.51,5.51,5.51,5.51
-2458719000,5.52,5.52,5.52,5.52,5.52
-2456213400,5.58,5.58,5.58,5.58,5.58
-2453535000,5.57,5.57,5.57,5.57,5.57
-2448264600,5.54,5.54,5.54,5.54,5.54
-2445672600,5.54,5.54,5.54,5.54,5.54
-2442994200,5.62,5.62,5.62,5.62,5.62
-2440315800,5.48,5.48,5.48,5.48,5.48
-2435045400,5.57,5.57,5.57,5.57,5.57
-2432453400,5.51,5.51,5.51,5.51,5.51
-2427096600,5.51,5.51,5.51,5.51,5.51
-2424677400,5.31,5.31,5.31,5.31,5.31
-2419407000,4.84,4.84,4.84,4.84,4.84
-2416728600,4.61,4.61,4.61,4.61,4.61
-2411458200,4.08,4.08,4.08,4.08,4.08
-2408779800,4.37,4.37,4.37,4.37,4.37
-2403509400,4.57,4.57,4.57,4.57,4.57
-2400917400,4.41,4.41,4.41,4.41,4.41
-2398239000,4.32,4.32,4.32,4.32,4.32
-2395560600,4.38,4.38,4.38,4.38,4.38
-2393141400,4.51,4.51,4.51,4.51,4.51
-2387871000,4.4,4.4,4.4,4.4,4.4
-2385192600,4.34,4.34,4.34,4.34,4.34
-2379922200,4.41,4.41,4.41,4.41,4.41
-2374651800,4.34,4.34,4.34,4.34,4.34
-2371973400,4.34,4.34,4.34,4.34,4.34
-2366703000,4.25,4.25,4.25,4.25,4.25
-2364024600,4.19,4.19,4.19,4.19,4.19
-2361605400,4.19,4.19,4.19,4.19,4.19
-2358927000,4.37,4.37,4.37,4.37,4.37
-2356335000,4.61,4.61,4.61,4.61,4.61
-2351064600,4.72,4.72,4.72,4.72,4.72
-2348386200,4.79,4.79,4.79,4.79,4.79
-2343115800,4.75,4.75,4.75,4.75,4.75
-2340437400,4.59,4.59,4.59,4.59,4.59
-2335167000,4.27,4.27,4.27,4.27,4.27
-2327304600,4.42,4.42,4.42,4.42,4.42
-2324712600,4.4,4.4,4.4,4.4,4.4
-2322034200,4.32,4.32,4.32,4.32,4.32
-2319442200,4.04,4.04,4.04,4.04,4.04
-2314085400,4.01,4.01,4.01,4.01,4.01
-2311493400,4.1,4.1,4.1,4.1,4.1
-2306223000,4.22,4.22,4.22,4.22,4.22
-2303544600,4.22,4.22,4.22,4.22,4.22
-2300866200,4.18,4.18,4.18,4.18,4.18
-2298447000,4.19,4.19,4.19,4.19,4.19
-2295768600,4.06,4.06,4.06,4.06,4.06
-2290498200,4.27,4.27,4.27,4.27,4.27
-2287906200,4.46,4.46,4.46,4.46,4.46
-2282549400,4.98,4.98,4.98,4.98,4.98
-2279957400,4.82,4.82,4.82,4.82,4.82
-2277279000,4.65,4.65,4.65,4.65,4.65
-2274687000,4.75,4.75,4.75,4.75,4.75
-2269330200,4.87,4.87,4.87,4.87,4.87
-2266911000,4.65,4.65,4.65,4.65,4.65
-2264232600,4.57,4.57,4.57,4.57,4.57
-2258962200,5.06,5.06,5.06,5.06,5.06
-2256370200,5.08,5.08,5.08,5.08,5.08
-2253691800,5.27,5.27,5.27,5.27,5.27
-2251013400,5.26,5.26,5.26,5.26,5.26
-2245743000,5.32,5.32,5.32,5.32,5.32
-2243151000,5.65,5.65,5.65,5.65,5.65
-2237794200,6.31,6.31,6.31,6.31,6.31
-2235375000,6.4,6.4,6.4,6.4,6.4
-2230104600,6.21,6.21,6.21,6.21,6.21
-2227426200,6.07,6.07,6.07,6.07,6.07
-2222155800,6.44,6.44,6.44,6.44,6.44
-2219477400,6.37,6.37,6.37,6.37,6.37
-2214207000,6.46,6.46,6.46,6.46,6.46
-2211615000,6.02,6.02,6.02,6.02,6.02
-2208936600,6.1,6.1,6.1,6.1,6.1
-2206258200,6.21,6.21,6.21,6.21,6.21
-2203839000,6.26,6.26,6.26,6.26,6.26
-2198568600,6.04,6.04,6.04,6.04,6.04
-2195890200,5.86,5.86,5.86,5.86,5.86
-2190619800,5.94,5.94,5.94,5.94,5.94
-2185349400,6.01,6.01,6.01,6.01,6.01
-2182671000,6.48,6.48,6.48,6.48,6.48
-2177400600,7.07,7.07,7.07,7.07,7.07
-2174722200,7.25,7.25,7.25,7.25,7.25
-2172303000,7.51,7.51,7.51,7.51,7.51
-2169624600,8.14,8.14,8.14,8.14,8.14
-2167032600,7.73,7.73,7.73,7.73,7.73
-2161762200,7.93,7.93,7.93,7.93,7.93
-2159083800,8.04,8.04,8.04,8.04,8.04
-2153813400,7.91,7.91,7.91,7.91,7.91
-2151135000,8.08,8.08,8.08,8.08,8.08
-2145864600,8.12,8.12,8.12,8.12,8.12
-2138088600,8.48,8.48,8.48,8.48,8.48
-2135496600,8.46,8.46,8.46,8.46,8.46
-2130226200,8.6,8.6,8.6,8.6,8.6
-2127547800,8.83,8.83,8.83,8.83,8.83
-2124869400,8.85,8.85,8.85,8.85,8.85
-2122277400,8.57,8.57,8.57,8.57,8.57
-2117007000,8.05,8.05,8.05,8.05,8.05
-2114328600,8.46,8.46,8.46,8.46,8.46
-2106552600,7.75,7.75,7.75,7.75,7.75
-2103960600,7.6,7.6,7.6,7.6,7.6
-2101282200,7.18,7.18,7.18,7.18,7.18
-2098690200,6.85,6.85,6.85,6.85,6.85
-2093333400,6.47,6.47,6.47,6.47,6.47
-2090741400,6.26,6.26,6.26,6.26,6.26
-2085471000,6.57,6.57,6.57,6.57,6.57
-2082792600,6.68,6.68,6.68,6.68,6.68
-2080114200,6.5,6.5,6.5,6.5,6.5
-2077608600,6.48,6.48,6.48,6.48,6.48
-2074930200,6.64,6.64,6.64,6.64,6.64
-2069659800,6.51,6.51,6.51,6.51,6.51
-2067067800,6.78,6.78,6.78,6.78,6.78
-2064389400,7.01,7.01,7.01,7.01,7.01
-2061711000,7.32,7.32,7.32,7.32,7.32
-2056440600,8.17,8.17,8.17,8.17,8.17
-2053848600,8.25,8.25,8.25,8.25,8.25
-2048491800,8.8,8.8,8.8,8.8,8.8
-2046072600,9.05,9.05,9.05,9.05,9.05
-2040802200,8.5,8.5,8.5,8.5,8.5
-2038123800,8.6,8.6,8.6,8.6,8.6
-2032853400,9.2,9.2,9.2,9.2,9.2
-2030175000,9.23,9.23,9.23,9.23,9.23
-2024904600,9.31,9.31,9.31,9.31,9.31
-2022312600,9.54,9.54,9.54,9.54,9.54
-2019634200,9.87,9.87,9.87,9.87,9.87
-2016955800,9.8,9.8,9.8,9.8,9.8
-2014536600,9.56,9.56,9.56,9.56,9.56
-2009266200,9.18,9.18,9.18,9.18,9.18
-2006587800,9.3,9.3,9.3,9.3,9.3
-2001317400,9.73,9.73,9.73,9.73,9.73
-1996047000,9.73,9.73,9.73,9.73,9.73
-1993368600,9.93,9.93,9.93,9.93,9.93
-1988098200,9.56,9.56,9.56,9.56,9.56
-1985419800,9.26,9.26,9.26,9.26,9.26
-1983000600,8.35,8.35,8.35,8.35,8.35
-1980322200,8.39,8.39,8.39,8.39,8.39
-1977730200,8.1,8.1,8.1,8.1,8.1
-1972459800,8.14,8.14,8.14,8.14,8.14
-1969781400,7.53,7.53,7.53,7.53,7.53
-1964511000,6.64,6.64,6.64,6.64,6.64
-1961832600,6.25,6.25,6.25,6.25,6.25
-1956562200,6.85,6.85,6.85,6.85,6.85
-1948699800,7.24,7.24,7.24,7.24,7.24
-1946107800,7.63,7.63,7.63,7.63,7.63
-1943429400,7.64,7.64,7.64,7.64,7.64
-1940837400,7.92,7.92,7.92,7.92,7.92
-1935480600,8.17,8.17,8.17,8.17,8.17
-1932888600,8.27,8.27,8.27,8.27,8.27
-1927618200,9.03,9.03,9.03,9.03,9.03
-1924939800,9.06,9.06,9.06,9.06,9.06
-1922261400,8.8,8.8,8.8,8.8,8.8
-1919842200,8.92,8.92,8.92,8.92,8.92
-1917163800,9.32,9.32,9.32,9.32,9.32
-1911893400,9.8,9.8,9.8,9.8,9.8
-1909301400,9.94,9.94,9.94,9.94,9.94
-1903944600,10.19,10.19,10.19,10.19,10.19
-1901352600,10.23,10.23,10.23,10.23,10.23
-1898674200,10.18,10.18,10.18,10.18,10.18
-1896082200,10.3,10.3,10.3,10.3,10.3
-1890725400,9.72,9.72,9.72,9.72,9.72
-1888306200,9.96,9.96,9.96,9.96,9.96
-1885627800,9.72,9.72,9.72,9.72,9.72
-1880357400,9.1,9.1,9.1,9.1,9.1
-1877765400,8.64,8.64,8.64,8.64,8.64
-1875087000,8.85,8.85,8.85,8.85,8.85
-1872408600,8.91,8.91,8.91,8.91,8.91
-1867138200,9.31,9.31,9.31,9.31,9.31
-1864546200,9.05,9.05,9.05,9.05,9.05
-1859189400,9.43,9.43,9.43,9.43,9.43
-1856770200,9.32,9.32,9.32,9.32,9.32
-1851499800,9.48,9.48,9.48,9.48,9.48
-1848821400,9.67,9.67,9.67,9.67,9.67
-1843551000,9.17,9.17,9.17,9.17,9.17
-1840872600,8.67,8.67,8.67,8.67,8.67
-1835602200,9.07,9.07,9.07,9.07,9.07
-1833010200,9.11,9.11,9.11,9.11,9.11
-1830331800,9.12,9.12,9.12,9.12,9.12
-1827653400,9.04,9.04,9.04,9.04,9.04
-1825147800,9.3,9.3,9.3,9.3,9.3
-1822469400,9.59,9.59,9.59,9.59,9.59
-1819877400,9.58,9.58,9.58,9.58,9.58
-1814607000,9.59,9.59,9.59,9.59,9.59
-1811928600,9.81,9.81,9.81,9.81,9.81
-1806658200,9.84,9.84,9.84,9.84,9.84
-1803979800,9.73,9.73,9.73,9.73,9.73
-1798709400,9.3,9.3,9.3,9.3,9.3
-1790933400,8.79,8.79,8.79,8.79,8.79
-1788341400,8.55,8.55,8.55,8.55,8.55
-1783071000,8.23,8.23,8.23,8.23,8.23
-1780392600,8.45,8.45,8.45,8.45,8.45
-1777714200,8.53,8.53,8.53,8.53,8.53
-1775122200,8.26,8.26,8.26,8.26,8.26
-1769851800,8.04,8.04,8.04,8.04,8.04
-1767173400,8.37,8.37,8.37,8.37,8.37
-1759397400,8.12,8.12,8.12,8.12,8.12
-1756805400,8.17,8.17,8.17,8.17,8.17
-1754127000,8.13,8.13,8.13,8.13,8.13
-1751535000,7.68,7.68,7.68,7.68,7.68
-1746178200,7.68,7.68,7.68,7.68,7.68
-1743586200,7.68,7.68,7.68,7.68,7.68
-1738315800,7.35,7.35,7.35,7.35,7.35
-1735637400,7.48,7.48,7.48,7.48,7.48
-1732959000,7.38,7.38,7.38,7.38,7.38
-1730539800,7.57,7.57,7.57,7.57,7.57
-1727861400,8.14,8.14,8.14,8.14,8.14
-1722591000,8.04,8.04,8.04,8.04,8.04
-1719999000,8.01,8.01,8.01,8.01,8.01
-1714642200,8.66,8.66,8.66,8.66,8.66
-1712050200,9.14,9.14,9.14,9.14,9.14
-1709371800,9.46,9.46,9.46,9.46,9.46
-1706779800,9.48,9.48,9.48,9.48,9.48
-1701423000,9.2,9.2,9.2,9.2,9.2
-1698917400,9.17,9.17,9.17,9.17,9.17
-1693647000,9.27,9.27,9.27,9.27,9.27
-1690968600,9.36,9.36,9.36,9.36,9.36
-1685698200,9.3,9.3,9.3,9.3,9.3
-1683019800,9.68,9.68,9.68,9.68,9.68
-1677749400,10.21,10.21,10.21,10.21,10.21
-1675157400,9.8,9.8,9.8,9.8,9.8
-1672479000,9.57,9.57,9.57,9.57,9.57
-1669800600,9.03,9.03,9.03,9.03,9.03
-1667381400,9.31,9.31,9.31,9.31,9.31
-1662111000,8.86,8.86,8.86,8.86,8.86
-1659432600,9.04,9.04,9.04,9.04,9.04
-1654162200,8.53,8.53,8.53,8.53,8.53
-1648891800,7.68,7.68,7.68,7.68,7.68
-1646213400,7.04,7.04,7.04,7.04,7.04
-1640943000,7.21,7.21,7.21,7.21,7.21
-1638264600,7.43,7.43,7.43,7.43,7.43
-1635845400,7.28,7.28,7.28,7.28,7.28
-1633170600,7.21,7.21,7.21,7.21,7.21
-1630578600,7.44,7.44,7.44,7.44,7.44
-1625308200,7.51,7.51,7.51,7.51,7.51
-1622629800,7.58,7.58,7.58,7.58,7.58
-1617359400,7.86,7.86,7.86,7.86,7.86
-1614677400,8.06,8.06,8.06,8.06,8.06
-1609407000,7.85,7.85,7.85,7.85,7.85
-1601634600,8.39,8.39,8.39,8.39,8.39
-1599042600,8.97,8.97,8.97,8.97,8.97
-1593772200,9.51,9.51,9.51,9.51,9.51
-1591093800,8.87,8.87,8.87,8.87,8.87
-1588415400,9.01,9.01,9.01,9.01,9.01
-1585823400,9.47,9.47,9.47,9.47,9.47
-1580549400,8.92,8.92,8.92,8.92,8.92
-1577871000,8.83,8.83,8.83,8.83,8.83
-1572687000,8.67,8.67,8.67,8.67,8.67
-1570008600,8.6,8.6,8.6,8.6,8.6
-1564738200,7.92,7.92,7.92,7.92,7.92
-1562149800,7.91,7.91,7.91,7.91,7.91
-1556793000,7.87,7.87,7.87,7.87,7.87
-1554201000,7.88,7.88,7.88,7.88,7.88
-1551519000,7.48,7.48,7.48,7.48,7.48
-1548927000,6.81,6.81,6.81,6.81,6.81
-1543570200,7.06,7.06,7.06,7.06,7.06
-1541151000,6.88,6.88,6.88,6.88,6.88
-1538476200,6.91,6.91,6.91,6.91,6.91
-1533205800,6.55,6.55,6.55,6.55,6.55
-1530613800,6.53,6.53,6.53,6.53,6.53
-1527935400,6.45,6.45,6.45,6.45,6.45
-1525257000,6.61,6.61,6.61,6.61,6.61
-1519983000,7.06,7.06,7.06,7.06,7.06
-1517391000,7.31,7.31,7.31,7.31,7.31
-1512034200,7.46,7.46,7.46,7.46,7.46
-1509615000,7.74,7.74,7.74,7.74,7.74
-1504348200,8.53,8.53,8.53,8.53,8.53
-1501669800,8.45,8.45,8.45,8.45,8.45
-1496399400,8.83,8.83,8.83,8.83,8.83
-1493721000,9.06,9.06,9.06,9.06,9.06
-1488447000,8.8,8.8,8.8,8.8,8.8
-1485855000,8.78,8.78,8.78,8.78,8.78
-1483176600,8.9,8.9,8.9,8.9,8.9
-1480498200,9.28,9.28,9.28,9.28,9.28
-1478079000,9.43,9.43,9.43,9.43,9.43
-1472812200,8.67,8.67,8.67,8.67,8.67
-1470133800,8.34,8.34,8.34,8.34,8.34
-1464863400,8.1,8.1,8.1,8.1,8.1
-1459589400,8.03,8.03,8.03,8.03,8.03
-1456911000,8.27,8.27,8.27,8.27,8.27
-1451640600,8.83,8.83,8.83,8.83,8.83
-1448962200,8.87,8.87,8.87,8.87,8.87
-1443778200,8.5,8.5,8.5,8.5,8.5
-1441189800,8.47,8.47,8.47,8.47,8.47
-1435919400,9.03,9.03,9.03,9.03,9.03
-1433241000,9.34,9.34,9.34,9.34,9.34
-1430562600,9.25,9.25,9.25,9.25,9.25
-1427967000,9.13,9.13,9.13,9.13,9.13
-1422696600,10.16,10.16,10.16,10.16,10.16
-1420018200,10.58,10.58,10.58,10.58,10.58
-1412242200,10.28,10.28,10.28,10.28,10.28
-1409653800,10.61,10.61,10.61,10.61,10.61
-1406975400,10.8,10.8,10.8,10.8,10.8
-1404383400,11.1,11.1,11.1,11.1,11.1
-1399026600,11.51,11.51,11.51,11.51,11.51
-1396431000,11.89,11.89,11.89,11.89,11.89
-1391160600,12.46,12.46,12.46,12.46,12.46
-1388482200,12.65,12.65,12.65,12.65,12.65
-1385803800,12.67,12.67,12.67,12.67,12.67
-1383384600,11.81,11.81,11.81,11.81,11.81
-1380706200,11.48,11.48,11.48,11.48,11.48
-1375439400,12.11,12.11,12.11,12.11,12.11
-1372847400,12.62,12.62,12.62,12.62,12.62
-1367490600,13.32,13.32,13.32,13.32,13.32
-1364895000,13.02,13.02,13.02,13.02,13.02
-1362216600,13.19,13.19,13.19,13.19,13.19
-1359624600,13.49,13.49,13.49,13.49,13.49
-1354267800,13.66,13.66,13.66,13.66,13.66
-1351848600,13.87,13.87,13.87,13.87,13.87
-1349170200,14.21,14.21,14.21,14.21,14.21
-1343903400,14.89,14.89,14.89,14.89,14.89
-1341311400,15.22,15.22,15.22,15.22,15.22
-1338633000,16.03,16.03,16.03,16.03,16.03
-1335954600,16.94,16.94,16.94,16.94,16.94
-1330680600,17.06,17.06,17.06,17.06,17.06
-1328088600,17.46,17.46,17.46,17.46,17.46
-1322731800,17.32,17.32,17.32,17.32,17.32
-1320226200,18.25,18.25,18.25,18.25,18.25
-1314959400,20,20,20,20,20
-1312281000,19.02,19.02,19.02,19.02,19.02
-1307010600,19.78,19.78,19.78,19.78,19.78
-1301736600,21.6,21.6,21.6,21.6,21.6
-1299058200,23.06,23.06,23.06,23.06,23.06
-1293787800,24.86,24.86,24.86,24.86,24.86
-1291109400,24.99,24.99,24.99,24.99,24.99
-1288690200,25.43,25.43,25.43,25.43,25.43
-1286011800,25.28,25.28,25.28,25.28,25.28
-1283423400,25.66,25.66,25.66,25.66,25.66
-1278153000,28.48,28.48,28.48,28.48,28.48
-1275474600,30.1,30.1,30.1,30.1,30.1
-1270200600,27.99,27.99,27.99,27.99,27.99
-1267522200,20.58,20.58,20.58,20.58,20.58
-1262251800,21.71,21.71,21.71,21.71,21.71
-1254475800,25.46,25.46,25.46,25.46,25.46
-1251887400,23.94,23.94,23.94,23.94,23.94
-1246617000,21.06,21.06,21.06,21.06,21.06
-1243938600,20.79,20.79,20.79,20.79,20.79
-1241260200,20.78,20.78,20.78,20.78,20.78
-1238664600,17.92,17.92,17.92,17.92,17.92
-1233394200,15.51,15.51,15.51,15.51,15.51
-1230715800,15.98,15.98,15.98,15.98,15.98
-1222939800,15.86,15.86,15.86,15.86,15.86
-1220351400,14.33,14.33,14.33,14.33,14.33
-1217673000,13.87,13.87,13.87,13.87,13.87
-1215081000,14.33,14.33,14.33,14.33,14.33
-1209724200,11.83,11.83,11.83,11.83,11.83
-1207128600,10.25,10.25,10.25,10.25,10.25
-1201858200,8.44,8.44,8.44,8.44,8.44
-1199179800,8.3,8.3,8.3,8.3,8.3
-1196501400,8.23,8.23,8.23,8.23,8.23
-1193995800,8.26,8.26,8.26,8.26,8.26
-1191317400,6.28,6.28,6.28,6.28,6.28
-1186050600,4.77,4.77,4.77,4.77,4.77
-1183458600,5.01,5.01,5.01,5.01,5.01
-1180780200,7.53,7.53,7.53,7.53,7.53
-1178101800,8.26,8.26,8.26,8.26,8.26
-1172827800,7.05,7.05,7.05,7.05,7.05
-1170235800,6.82,6.82,6.82,6.82,6.82
-1164879000,6.25,6.25,6.25,6.25,6.25
-1162459800,6.23,6.23,6.23,6.23,6.23
-1157193000,8.87,8.87,8.87,8.87,8.87
-1154514600,10.39,10.39,10.39,10.39,10.39
-1149244200,10.67,10.67,10.67,10.67,10.67
-1146565800,10.58,10.58,10.58,10.58,10.58
-1141291800,9.78,9.78,9.78,9.78,9.78
-1138699800,9.97,9.97,9.97,9.97,9.97
-1136021400,10.54,10.54,10.54,10.54,10.54
-1133343000,11.32,11.32,11.32,11.32,11.32
-1130923800,10.74,10.74,10.74,10.74,10.74
-1125657000,9.81,9.81,9.81,9.81,9.81
-1122978600,9.94,9.94,9.94,9.94,9.94
-1117708200,9.1,9.1,9.1,9.1,9.1
-1112434200,8.95,8.95,8.95,8.95,8.95
-1109755800,9.2,9.2,9.2,9.2,9.2
-1104485400,9.26,9.26,9.26,9.26,9.26
-1101807000,8.98,8.98,8.98,8.98,8.98
-1099387800,8.41,8.41,8.41,8.41,8.41
-1096709400,9.04,9.04,9.04,9.04,9.04
-1094121000,9.75,9.75,9.75,9.75,9.75
-1088850600,10.65,10.65,10.65,10.65,10.65
-1086172200,11.37,11.37,11.37,11.37,11.37
-1080898200,11.92,11.92,11.92,11.92,11.92
-1078219800,13.04,13.04,13.04,13.04,13.04
-1072949400,13.76,13.76,13.76,13.76,13.76
-1065090600,14.88,14.88,14.88,14.88,14.88
-1062498600,14.09,14.09,14.09,14.09,14.09
-1059820200,14.69,14.69,14.69,14.69,14.69
-1057228200,15.56,15.56,15.56,15.56,15.56
-1051871400,16.05,16.05,16.05,16.05,16.05
-1049279400,16.89,16.89,16.89,16.89,16.89
-1044005400,17.06,17.06,17.06,17.06,17.06
-1041327000,17.59,17.59,17.59,17.59,17.59
-1038648600,18.11,18.11,18.11,18.11,18.11
-1036229400,18.09,18.09,18.09,18.09,18.09
-1033551000,17.01,17.01,17.01,17.01,17.01
-1028284200,15.64,15.64,15.64,15.64,15.64
-1025692200,16.57,16.57,16.57,16.57,16.57
-1020335400,14.37,14.37,14.37,14.37,14.37
-1017739800,12.28,12.28,12.28,12.28,12.28
-1015061400,11.2,11.2,11.2,11.2,11.2
-1012469400,11.02,11.02,11.02,11.02,11.02
-1007112600,11.04,11.04,11.04,11.04,11.04
-1004693400,10.31,10.31,10.31,10.31,10.31
-1002015000,9.89,9.89,9.89,9.89,9.89
-996748200,10.21,10.21,10.21,10.21,10.21
-994156200,12.24,12.24,12.24,12.24,12.24
-991477800,12.31,12.31,12.31,12.31,12.31
-988799400,11.75,11.75,11.75,11.75,11.75
-983525400,13.07,13.07,13.07,13.07,13.07
-980933400,12.69,12.69,12.69,12.69,12.69
-975576600,12.4,12.4,12.4,12.4,12.4
-973157400,12.39,12.39,12.39,12.39,12.39
-967890600,11.23,11.23,11.23,11.23,11.23
-965212200,11.43,11.43,11.43,11.43,11.43
-959941800,11.54,11.54,11.54,11.54,11.54
-957263400,12.77,12.77,12.77,12.77,12.77
-951989400,12.67,12.67,12.67,12.67,12.67
-949397400,12.37,12.37,12.37,12.37,12.37
-946719000,12.3,12.3,12.3,12.3,12.3
-944040600,12.22,12.22,12.22,12.22,12.22
-941535000,12.15,12.15,12.15,12.15,12.15
-938856600,12.27,12.27,12.27,12.27,12.27
-936268200,10.58,10.58,10.58,10.58,10.58
-930997800,9.99,9.99,9.99,9.99,9.99
-928319400,10.2,10.2,10.2,10.2,10.2
-923045400,10.73,10.73,10.73,10.73,10.73
-920367000,10.98,10.98,10.98,10.98,10.98
-915096600,10.55,10.55,10.55,10.55,10.55
-907320600,9.64,9.64,9.64,9.64,9.64
-904732200,9.43,9.43,9.43,9.43,9.43
-899461800,10.26,10.26,10.26,10.26,10.26
-896783400,10.21,10.21,10.21,10.21,10.21
-894105000,10.24,10.24,10.24,10.24,10.24
-891509400,9.83,9.83,9.83,9.83,9.83
-886239000,8.76,8.76,8.76,8.76,8.76
-883560600,8.93,8.93,8.93,8.93,8.93
-875788200,7.84,7.84,7.84,7.84,7.84
-873196200,7.93,7.93,7.93,7.93,7.93
-870517800,8.33,8.33,8.33,8.33,8.33
-867925800,8.64,8.64,8.64,8.64,8.64
-862569000,8.68,8.68,8.68,8.68,8.68
-859977000,9.32,9.32,9.32,9.32,9.32
-854706600,9.52,9.52,9.52,9.52,9.52
-852028200,10.09,10.09,10.09,10.09,10.09
-849349800,10.69,10.69,10.69,10.69,10.69
-846930600,11.07,11.07,11.07,11.07,11.07
-844252200,11.44,11.44,11.44,11.44,11.44
-838981800,12.1,12.1,12.1,12.1,12.1
-836389800,12.35,12.35,12.35,12.35,12.35
-831033000,11.99,11.99,11.99,11.99,11.99
-828441000,11.88,11.88,11.88,11.88,11.88
-825762600,11.33,11.33,11.33,11.33,11.33
-823170600,11.48,11.48,11.48,11.48,11.48
-817813800,11.77,11.77,11.77,11.77,11.77
-815308200,12.1,12.1,12.1,12.1,12.1
-810037800,12.1,12.1,12.1,12.1,12.1
-807359400,12.67,12.67,12.67,12.67,12.67
-802089000,12.81,12.81,12.81,12.81,12.81
-799410600,12.6,12.6,12.6,12.6,12.6
-794140200,12.82,12.82,12.82,12.82,12.82
-791548200,13.1,13.1,13.1,13.1,13.1
-788869800,13.49,13.49,13.49,13.49,13.49
-786191400,13.94,13.94,13.94,13.94,13.94
-783772200,13.93,13.93,13.93,13.93,13.93
-778501800,14.82,14.82,14.82,14.82,14.82
-775823400,15.09,15.09,15.09,15.09,15.09
-770553000,14.83,14.83,14.83,14.83,14.83
-765279000,16.5,16.5,16.5,16.5,16.5
-762600600,17.04,17.04,17.04,17.04,17.04
-757330200,18.02,18.02,18.02,18.02,18.02
-754651800,18.07,18.07,18.07,18.07,18.07
-752232600,17.53,17.53,17.53,17.53,17.53
-749554200,18.66,18.66,18.66,18.66,18.66
-746965800,18.7,18.7,18.7,18.7,18.7
-741695400,18.05,18.05,18.05,18.05,18.05
-739017000,17.7,17.7,17.7,17.7,17.7
-733743000,14.75,14.75,14.75,14.75,14.75
-731064600,14.69,14.69,14.69,14.69,14.69
-725794200,15.21,15.21,15.21,15.21,15.21
-718018200,14.6,14.6,14.6,14.6,14.6
-715429800,14.34,14.34,14.34,14.34,14.34
-710159400,15.77,15.77,15.77,15.77,15.77
-707481000,15.46,15.46,15.46,15.46,15.46
-704802600,15.06,15.06,15.06,15.06,15.06
-702207000,15.45,15.45,15.45,15.45,15.45
-696936600,15.03,15.03,15.03,15.03,15.03
-694258200,14.83,14.83,14.83,14.83,14.83
-689074200,14.3,14.3,14.3,14.3,14.3
-686395800,15.4,15.4,15.4,15.4,15.4
-681129000,16.82,16.82,16.82,16.82,16.82
-678537000,16.42,16.42,16.42,16.42,16.42
-673180200,15.76,15.76,15.76,15.76,15.76
-670584600,16.19,16.19,16.19,16.19,16.19
-667906200,15.29,15.29,15.29,15.29,15.29
-665314200,15.19,15.19,15.19,15.19,15.19
-659957400,14.77,14.77,14.77,14.77,14.77
-657538200,14.91,14.91,14.91,14.91,14.91
-654859800,14.89,14.89,14.89,14.89,14.89
-649593000,13.97,13.97,13.97,13.97,13.97
-647001000,14.76,14.76,14.76,14.76,14.76
-644322600,15.29,15.29,15.29,15.29,15.29
-641644200,15.49,15.49,15.49,15.49,15.49
-636370200,16.11,16.11,16.11,16.11,16.11
-633778200,16.54,16.54,16.54,16.54,16.54
-631013400,16.66,17.09,16.66,17.049999,17.049999
-628421400,17.049999,17.32,16.99,17.219999,17.219999
-626002200,17.24,17.559999,17.07,17.290001,17.290001
-623151000,17.530001,18.049999,17.530001,17.959999,17.959999
-620735400,18.219999,18.780001,18.110001,18.780001,18.780001
-618057000,18.77,19.4,17.440001,17.690001,17.690001
-615292200,17.639999,17.91,16.68,17.84,17.84
-612786600,18.02,18.82,17.950001,18.42,18.42
-610108200,18.549999,19.450001,18.540001,19.450001,19.450001
-607426200,19.690001,20.120001,19.530001,19.530001,19.530001
-604834200,19.559999,20.32,19.360001,19.51,19.51
-602242200,19.66,20.43,19,20.43,20.43
-599563800,20.77,21.74,20.690001,21.66,21.66
-596885400,21.77,22.200001,21.76,21.799999,21.799999
-594466200,21.85,21.950001,21.25,21.48,21.48
-591701400,21.32,22.43,21.26,22.43,22.43
-589199400,22.530001,22.809999,21.030001,21.52,21.52
-586521000,21.48,22.049999,20.959999,20.959999,20.959999
-583842600,21.1,22.629999,21.1,22.4,22.4
-581250600,22.51,23.280001,22.51,23.280001,23.280001
-578399400,23.280001,23.709999,23.26,23.26,23.26
-575976600,23.469999,23.85,22.66,22.940001,22.940001
-573298200,23.1,23.1,22.4,22.879999,22.879999
-570533400,23.01,23.77,23.01,23.77,23.77
-568027800,23.799999,24.66,23.74,24.139999,24.139999
-565349400,24.299999,24.299999,23.09,23.26,23.26
-562671000,23.290001,24.370001,23.290001,24.370001,24.370001
-560165400,24.18,24.18,23.32,23.32,23.32
-557577000,23.17,23.940001,23.17,23.860001,23.860001
-554812200,23.799999,24.959999,23.780001,24.959999,24.959999
-552306600,25.120001,25.4,24.809999,25.4,25.4
-549628200,25.450001,25.549999,24.83,25.030001,25.030001
-546949800,25.15,25.25,24.450001,24.540001,24.540001
-544354200,24.48,24.58,23.799999,24.52,24.52
-541503000,24.6,25.66,24.6,25.66,25.66
-539083800,25.68,26.59,25.610001,26.57,26.57
-536405400,26.540001,26.66,25.860001,26.379999,26.379999
-533640600,26.51,26.540001,25.48,25.9,25.9
-531221400,25.93,26.33,25.290001,25.290001,25.290001
-528629400,25.25,25.25,24.190001,24.620001,24.620001
-526041000,24.73,25.059999,24.459999,24.540001,24.540001
-523362600,24.15,24.219999,23.540001,24.139999,24.139999
-520770600,24.24,24.75,24.07,24.75,24.75
-517919400,24.84,24.84,23.32,23.32,23.32
-515413800,23.42,23.65,22.709999,23.35,23.35
-512818200,23.49,24.58,23.389999,24.540001,24.540001
-510053400,24.66,24.76,24.25,24.76,24.76
-507547800,24.780001,24.99,24.549999,24.809999,24.809999
-504869400,24.950001,26.09,24.799999,26.08,26.08
-502191000,25.99,26.299999,25.809999,26.15,26.15
-499771800,26.25,26.940001,26.25,26.940001,26.940001
-497093400,27.17,28.26,27.01,28.26,28.26
-494332200,28.209999,29.190001,28.209999,29.190001,29.190001
-491826600,29.190001,29.43,28.15,29.209999,29.209999
-489234600,29.209999,30.879999,29.209999,30.879999,30.879999
-486469800,30.99,31.209999,29.83,29.83,29.83
-483877800,30.040001,32.689999,30.040001,32.310001,32.310001
-481282200,32.290001,32.759998,31.68,31.68,31.68
-478603800,31.790001,34.549999,31.790001,34.240002,34.240002
-476011800,33.990002,35.98,33.990002,35.98,35.98
-473160600,36.75,36.75,34.580002,36.630001,36.630001
-470655000,36.720001,37.150002,36.439999,36.759998,36.759998
-468235800,36.830002,37.52,34.959999,36.580002,36.580002
-465557400,36.950001,38.32,36.830002,37.959999,37.959999
-462882600,38.040001,38.040001,36.970001,37.91,37.91
-460290600,37.959999,41.029999,37.959999,41.029999,41.029999
-457698600,41.189999,43.759998,41.189999,43.52,43.52
-455020200,42.93,43.18,41.740002,43.18,43.18
-452341800,43.369999,45.630001,42.610001,43.669998,43.669998
-449577000,42.490002,42.990002,40.799999,42.34,42.34
-447067800,42.279999,46.41,42.279999,45.509998,45.509998
-444475800,45.349998,45.889999,44.950001,45.48,45.48
-441711000,45.16,45.16,43.110001,43.82,43.82
-439119000,44.029999,45.43,43.419998,45.34,45.34
-436613400,45.540001,48.869999,45.540001,48.48,48.48
-433848600,48.700001,48.849998,47.09,48.380001,48.380001
-431346600,48.16,48.509998,44.099998,45.200001,45.200001
-428668200,45.580002,47.130001,45.139999,46.970001,46.970001
-425989800,46.93,49.48,46.93,49.389999,49.389999
-423397800,49.619999,49.639999,46.939999,47.509998,47.509998
-420546600,47.889999,48.099998,45.349998,45.349998,45.349998
-418127400,44.700001,47,44.700001,45.580002,45.580002
-415445400,46.52,47.599998,44.380001,45.080002,45.080002
-412680600,45.98,47.040001,45.84,46.669998,46.669998
-410175000,46.200001,46.66,44.400002,44.720001,44.720001
-407496600,44.619999,44.619999,42.389999,43.259998,43.259998
-405077400,43.740002,44.23,43.740002,44.110001,44.110001
-402399000,44.139999,45.740002,44.139999,45.740002,45.740002
-399810600,46.02,47.43,46.02,47.43,47.43
-396959400,47.369999,48.240002,46.779999,47.369999,47.369999
-394540200,47.43,49.130001,47.43,47.91,47.91
-391861800,47.790001,47.790001,43.889999,45.220001,45.220001
-389097000,45.439999,45.439999,42.419998,42.419998,42.419998
-386591400,42.759998,43.139999,38.98,41.060001,41.060001
-383909400,40.439999,41.720001,39.439999,41.720001,41.720001
-381231000,41.360001,41.540001,39.380001,39.990002,39.990002
-378639000,40.330002,41.880001,40.330002,41.700001,41.700001
-375787800,42.040001,42.459999,40.610001,40.84,40.84
-373368600,41.130001,42.580002,41.130001,42.099998,42.099998
-370863000,41.93,43.439999,41.330002,43.439999,43.439999
-368274600,43.540001,44.09,43.119999,44.09,44.09
-365509800,44.310001,45.34,44.310001,45.240002,45.240002
-363004200,45.279999,47.189999,45.110001,47.189999,47.189999
-360325800,47.490002,48.16,47.220001,47.75,47.75
-357647400,48,50.060001,47.970001,50.060001,50.060001
-355055400,49.98,51.619999,49.98,51.330002,51.330002
-352200600,51.560001,53.240002,51.02,52.48,52.48
-349781400,52.689999,55.209999,52.459999,55.209999,55.209999
-347103000,55.439999,56.040001,54.889999,55.450001,55.450001
-344338200,55.209999,55.52,53.580002,55.41,55.41
-341919000,55.73,56.669998,55.439999,55.439999,55.439999
-339327000,55.689999,58.169998,55.689999,57.59,57.59
-336738600,57.650002,58.68,56.880001,58.68,58.68
-334060200,58.630001,58.630001,56.360001,58.470001,58.470001
-331468200,58.970001,60.619999,58.91,60.509998,60.509998
-328617000,60.709999,60.709999,58.27,59.599998,59.599998
-326111400,58.869999,58.919998,55.139999,56.880001,56.880001
-323519400,56.939999,57.52,56,57.52,57.52
-320751000,57.41,58.279999,56.220001,58.279999,58.279999
-318245400,58.700001,59.889999,58.599998,59.889999,59.889999
-315567000,59.91,60.389999,55.610001,55.610001,55.610001
-312888600,55.959999,56.82,54.73,56.119999,56.119999
-310383000,56.009998,56.009998,53.470001,55.34,55.34
-307704600,55.43,56.59,54.369999,54.369999,54.369999
-305029800,54.130001,55.830002,54.130001,55.830002,55.830002
-302437800,55.889999,58,55.889999,56.919998,56.919998
-299845800,57.060001,57.380001,54.169998,55.509998,55.509998
-297167400,55.529999,58.07,54.720001,56.959999,56.959999
-294489000,57.09,57.09,52.48,53.52,53.52
-291724200,53.360001,54.860001,52.200001,53.389999,53.389999
-289215000,53.939999,56.43,53.939999,55.540001,55.540001
-286623000,55.299999,58.110001,55.299999,58.110001,58.110001
-283858200,57.57,61.970001,57.57,61.779999,61.779999
-281266200,61.900002,63.439999,61.139999,63.439999,63.439999
-278847000,63.43,65.059998,63.380001,65.059998,65.059998
-275995800,65.599998,68.68,64.400002,65.309998,65.309998
-273580200,65.169998,67.389999,65.169998,66.559998,66.559998
-270901800,66.559998,67.080002,64.470001,64.639999,64.639999
-268137000,65.209999,66.760002,64.410004,66.760002,66.760002
-265631400,67.370003,68.440002,66.940002,68.07,68.07
-262953000,68.190002,68.459999,65.769997,66.730003,66.730003
-260274600,66.769997,68.620003,66.730003,68.620003,68.620003
-257679000,68.730003,71.849998,68.730003,71.32,71.32
-255087000,71.779999,72.639999,70.860001,71.550003,71.550003
-252408600,71.550003,71.959999,67.550003,68.839996,68.839996
-249730200,68.839996,71.129997,68.559998,69.959999,69.959999
-247311000,69.959999,71.440002,69.160004,69.550003,69.550003
-244546200,69.550003,69.82,64.949997,65.239998,65.239998
-242044200,65.239998,66.93,53.130001,59.630001,59.630001
-239365800,59.630001,59.959999,51.349998,54.75,54.75
-236687400,54.75,58.669998,54.470001,58.23,58.23
-234095400,58.23,60.330002,56.759998,59.119999,59.119999
-231244200,59.119999,59.540001,55.529999,56.27,56.27
-228825000,56.27,57.830002,52.549999,56.52,56.52
-226143000,56.52,62.779999,55.900002,62.259998,62.259998
-223378200,62.259998,63.5,61.279999,63.099998,63.099998
-220872600,63.099998,66.589996,62.32,66.199997,66.199997
-218194200,66.309998,66.959999,64.080002,64.290001,64.290001
-215775000,64.290001,67.010002,63.799999,66.57,66.57
-213096600,66.57,70.18,66.230003,69.800003,69.800003
-210508200,69.800003,71.139999,69.029999,70.800003,70.800003
-207657000,70.800003,71.239998,68.779999,69.370003,69.370003
-205237800,69.370003,70.480003,67.540001,69.129997,69.129997
-202559400,69.129997,72.709999,68.639999,72.5,72.5
-199794600,72.5,73.870003,71.279999,71.699997,71.699997
-197289000,71.699997,75.18,71.57,74.010002,74.010002
-194607000,74.010002,74.440002,69.480003,73.230003,73.230003
-191928600,73.230003,75.360001,73.019997,75.019997,75.019997
-189336600,75.019997,77.779999,74.82,77.040001,77.040001
-186485400,77.040001,78.309998,76.360001,77.800003,77.800003
-184066200,77.800003,79.889999,77.5,78.980003,78.980003
-181474200,78.980003,81.199997,78.669998,79.459999,79.459999
-178885800,79.459999,81.809998,79.459999,80.370003,80.370003
-176207400,80.370003,82.099998,78.150002,81.690002,81.690002
-173615400,81.690002,84.330002,81.459999,83.18,83.18
-170764200,83.18,83.489998,80.800003,81.830002,81.830002
-168258600,81.830002,84.800003,81.57,84.18,84.18
-165666600,84.18,85.699997,83.650002,84.860001,84.860001
-162898200,84.860001,86.800003,84.099998,84.419998,84.419998
-160392600,84.419998,85.18,82.650002,84.75,84.75
-157714200,84.75,88.190002,83.769997,87.559998,87.559998
-155035800,87.559998,88.059998,85.25,87.43,87.43
-152616600,87.43,87.93,85.650002,86.160004,86.160004
-149938200,86.160004,89.639999,85.870003,89.110001,89.110001
-147177000,89.110001,90.68,87.239998,88.419998,88.419998
-144671400,88.419998,88.800003,80.730003,84.120003,84.120003
-142079400,84.120003,86.470001,83.300003,85.25,85.25
-139314600,85.25,87.790001,84.800003,87.169998,87.169998
-136722600,87.169998,91.129997,86.690002,89.959999,89.959999
-134130600,89.959999,93.190002,89.300003,92.419998,92.419998
-131448600,92.419998,93.300003,90.809998,91.610001,91.610001
-128856600,91.610001,93.07,89.199997,92.43,92.43
-126005400,92.43,94.639999,91.629997,92.879997,92.879997
-123499800,92.879997,94.720001,90.43,91.220001,91.220001
-121080600,91.220001,91.650002,86.690002,89.230003,89.230003
-118402200,89.230003,93.019997,88.959999,91.059998,91.059998
-115727400,91.059998,91.75,83.18,86.129997,86.129997
-113135400,86.129997,87.739998,83.75,84.739998,84.739998
-110543400,84.739998,88.190002,83.050003,83.599998,83.599998
-107865000,83.5,84.699997,73.910004,77.099998,77.099998
-105186600,77.099998,80.809998,75.029999,76.559998,76.559998
-102421800,76.559998,80.910004,72.279999,80.199997,80.199997
-99912600,80.199997,83.010002,78.889999,80.449997,80.449997
-97320600,80.449997,83.879997,79.489998,80.330002,80.330002
-94555800,80.330002,88.169998,79.43,86.610001,86.610001
-91963800,86.610001,89,85.610001,86.779999,86.779999
-89544600,86.779999,91.720001,86.669998,90.199997,90.199997
-86693400,90.199997,94.769997,87.860001,94.010002,94.010002
-84277800,94.010002,95.25,88.709999,89.080002,89.080002
-81599400,89.080002,93.279999,87.190002,90.639999,90.639999
-78834600,90.639999,95.510002,90.120003,94.75,94.75
-76329000,94.75,96.669998,92.010002,93.639999,93.639999
-73650600,93.639999,98.309998,93,96.709999,96.709999
-70972200,96.709999,98.25,93.290001,93.300003,93.300003
-68376600,93.300003,95.510002,90.089996,94,94
-65784600,94,96.900002,93.410004,96.470001,96.470001
-63106200,96.470001,97.839996,91.269997,92.239998,92.239998
-60427800,92.239998,93.440002,86.730003,89.360001,89.360001
-57922200,89.360001,91.089996,86.989998,90.199997,90.199997
-55243800,91.110001,98.610001,91.110001,97.459999,97.459999
-52655400,97.459999,100.190002,95.800003,98.68,98.68
-49804200,98.720001,102.839996,98.720001,99.580002,99.580002
-47385000,99.580002,103.669998,96.839996,97.739998,97.739998
-44706600,97.739998,99.669998,95.790001,98.860001,98.860001
-41941800,98.860001,103.629997,98.309998,102.669998,102.669998
-39436200,102.669998,105.779999,101.800003,103.410004,103.410004
-36754200,103.410004,109.089996,101.849998,108.370003,108.370003
-34075800,108.370003,109.370003,102.980003,103.860001,103.860001
-31483800,103.860001,104.870003,96.629997,103.010002,103.010002
-28632600,103.010002,104.610001,97.360001,98.129997,98.129997
-26213400,98.129997,102.349998,97.059998,101.510002,101.510002
-23707800,101.510002,104.559998,99.080002,103.690002,103.690002
-21119400,103.690002,106.739998,102.290001,103.459999,103.459999
-18354600,103.459999,103.75,95.209999,97.709999,97.709999
-15849000,97.709999,100.330002,88.040001,91.830002,91.830002
-13170600,91.919998,96.43,91.480003,95.510002,95.510002
-10492200,95.510002,96.620003,91.769997,93.120003,93.120003
-7900200,93.120003,98.830002,91.660004,97.120003,97.120003
-5045400,97.120003,99.230003,92.239998,93.809998,93.809998
-2626200,93.809998,94.470001,88.620003,92.059998,92.059998
52200,92.059998,94.25,84.419998,85.019997,85.019997
2817000,85.019997,90.330002,84.639999,89.5,89.5
5236200,89.5,91.07,86.190002,89.629997,89.629997
7828200,89.629997,90.699997,79.309998,81.519997,81.519997
10416600,81.519997,82.32,68.610001,76.550003,76.550003
13095000,76.550003,79.959999,72.25,72.720001,72.720001
15687000,72.720001,79.029999,70.690002,78.050003,78.050003
18538200,78.050003,82.470001,74.129997,81.519997,81.519997
21043800,81.519997,84.989998,79.949997,84.300003,84.300003
23635800,84.300003,87.75,82.290001,83.25,83.25
26404200,83.25,87.599998,82.230003,87.199997,87.199997
28909800,87.199997,92.989998,86.110001,92.150002,92.150002
31588200,92.150002,96.489998,90.639999,95.879997,95.879997
34266600,95.879997,99.589996,94.919998,96.75,96.75
36685800,96.75,102.029999,96.110001,100.309998,100.309998
39364200,100.309998,105.599998,99.629997,103.949997,103.949997
42125400,103.949997,104.419998,98.68,99.629997,99.629997
44631000,99.629997,102.07,96.919998,98.699997,98.699997
47223000,99.160004,101.519997,95.080002,95.580002,95.580002
49987800,95.580002,101.510002,92.809998,99.029999,99.029999
52579800,99.029999,102.25,96.970001,98.339996,98.339996
55171800,98.339996,100.959999,92.959999,94.230003,94.230003
57853800,94.230003,96.080002,89.339996,93.989998,93.989998
60445800,93.989998,102.209999,93.949997,102.089996,102.089996
63297000,102.089996,105,100.870003,103.940002,103.940002
65802600,103.940002,107.160004,103.099998,106.57,106.57
68308200,106.57,109.75,105.860001,107.199997,107.199997
71159400,107.199997,111.110001,106.18,107.669998,107.669998
73575000,107.669998,111.480003,103.830002,109.529999,109.529999
76253400,109.529999,110.510002,105.940002,107.139999,107.139999
79018200,107.139999,110.269997,104.43,107.389999,107.389999
81523800,107.389999,113.449997,107.059998,111.089996,111.089996
84202200,111.089996,112.120003,107.349998,110.550003,110.550003
86880600,110.550003,112.260002,106.269997,111.580002,111.580002
89476200,111.580002,117.910004,111.32,116.669998,116.669998
92068200,116.669998,119.790001,114.629997,118.050003,118.050003
94746600,118.059998,121.739998,114.970001,116.029999,116.029999
97425000,116.029999,118.980003,109.800003,111.68,111.68
99844200,111.68,115.610001,107.410004,111.519997,111.519997
102609000,111.519997,113.650002,105.440002,106.970001,106.970001
105111000,106.970001,112.25,101.360001,104.949997,104.949997
107789400,104.949997,109.519997,101.449997,104.260002,104.260002
110467800,104.099998,111.040001,100.440002,108.220001,108.220001
113059800,108.169998,108.169998,99.739998,104.25,104.25
115911000,104.25,110.449997,102.129997,108.43,108.43
118330200,108.43,112.82,107.080002,108.290001,108.290001
121012200,108.290001,109.199997,94.879997,95.959999,95.959999
123777000,95.830002,99.089996,91.050003,97.550003,97.550003
126282600,97.550003,100.940002,91.620003,96.57,96.57
128957400,96.57,97.43,89.529999,96.220001,96.220001
131376600,96.220001,101.050003,93.440002,93.980003,93.980003
134055000,93.980003,95.419998,88.620003,90.309998,90.309998
136647000,90.309998,93.589996,85.870003,87.279999,87.279999
139498200,87.279999,93.760002,85.129997,86,86
141917400,86,86.889999,78.959999,79.309998,79.309998
144595800,79.309998,83.529999,69.370003,72.150002,72.150002
147360600,72.150002,73.010002,62.52,63.540001,63.540001
149866200,63.540001,75.900002,60.959999,73.900002,73.900002
152548200,73.900002,77.410004,66.849998,69.970001,69.970001
155226600,69.800003,69.800003,64.129997,68.559998,68.559998
157818600,68.650002,78.690002,68.650002,76.980003,76.980003
160669800,76.980003,83.559998,76,81.589996,81.589996
163085400,81.589996,87.080002,80.080002,83.360001,83.360001
165591000,83.360001,88.790001,79.660004,87.300003,87.300003
168183000,87.300003,93.510002,86.940002,91.150002,91.150002
170947800,91.32,95.849998,89.300003,95.190002,95.190002
173453400,95.190002,96.580002,87.68,88.75,88.75
176131800,88.75,89.040001,82.209999,86.879997,86.879997
178810200,86.879997,87.419998,81.57,83.870003,83.870003
181402200,83.870003,91.75,82.57,89.040001,89.040001
184257000,89.040001,92.330002,87.629997,91.239998,91.239998
186676200,91.239998,91.900002,86.150002,90.190002,90.190002
189354600,90.190002,101.989998,89.809998,100.860001,100.860001
192119400,100.860001,103.07,98.5,99.709999,99.709999
194538600,99.709999,104.389999,98.230003,102.769997,102.769997
197217000,102.769997,104.629997,99.57,101.639999,101.639999
199978200,101.639999,103.989998,98.260002,100.18,100.18
202483800,100.18,105.07,97.970001,104.279999,104.279999
205075800,104.279999,106.779999,102.309998,103.440002,103.440002
207840600,103.440002,105.410004,100.43,102.910004,102.910004
210432600,102.910004,108.720001,102.599998,105.239998,105.239998
213024600,105.239998,105.75,99.209999,102.900002,102.900002
215706600,102.900002,103.779999,98.18,102.099998,102.099998
218298600,102.099998,107.82,101.620003,107.459999,107.459999
221149800,107.459999,107.970001,100.910004,102.029999,102.029999
223655400,102.029999,103.32,98.82,99.82,99.82
226074600,99.82,102.699997,97.800003,98.419998,98.419998
228753000,98.419998,102.07,96.529999,98.440002,98.440002
231427800,98.440002,100.93,95.519997,96.120003,96.120003
234019800,96.120003,101.650002,95.889999,100.480003,100.480003
236611800,100.480003,102.57,97.709999,98.849998,98.849998
239290200,98.849998,99.839996,95.040001,96.769997,96.769997
241968600,96.769997,98.43,94.440002,96.529999,96.529999
244733400,96.529999,97.269997,90.199997,92.339996,92.339996
247242600,92.190002,97.110001,90.010002,94.830002,94.830002
249834600,94.830002,95.669998,91.760002,95.099998,95.099998
252599400,95.099998,95.150002,88.019997,89.25,89.25
255191400,89.25,91.32,86.580002,87.040001,87.040001
257610600,87.040001,91.349998,86.449997,89.209999,89.209999
260461800,89.199997,97.910004,88.07,96.830002,96.830002
262877400,96.830002,100.32,94.57,97.239998,97.239998
265555800,97.239998,101.839996,93.989998,95.529999,95.529999
268320600,95.529999,101.18,93.589996,100.68,100.68
270826200,100.68,106.269997,99.949997,103.290001,103.290001
273504600,103.290001,108.050003,100.660004,102.540001,102.540001
276183000,102.540001,106.230003,91.650002,93.150002,93.150002
278778600,94.129997,97.410004,91.769997,94.699997,94.699997
281370600,95.010002,98.580002,92.639999,96.110001,96.110001
284049000,96.110001,102.589996,95.220001,99.93,99.93
286727400,99.93,100.519997,95.379997,96.279999,96.279999
289146600,96.279999,103.309998,95.980003,101.589996,101.589996
291911400,101.559998,103.949997,100.139999,101.760002,101.760002
294413400,101.760002,102.57,97.489998,99.080002,99.080002
297091800,99.080002,103.669998,98.57,102.910004,102.910004
299770200,102.910004,105.169998,100.349998,103.809998,103.809998
302362200,103.809998,109.839996,103.139999,109.32,109.32
305213400,109.32,111.580002,105.379997,109.32,109.32
307632600,109.190002,112.160004,99.059998,101.82,101.82
310314600,101.82,107.889999,99.419998,106.160004,106.160004
313079400,106.160004,110.330002,105.07,107.940002,107.940002
315585000,106.5,115.85,103.26,115.12,115.12
318263400,114.59,120.22,111.33,113.66,113.66
320941800,112.95,114.34,94.23,102.09,102.09
323447400,102.1,106.79,98.95,106.29,106.29
326035800,105.68,113.69,103.5,111.24,111.24
328800600,110.99,118.02,110.06,114.24,114.24
331306200,114.64,123.93,113.54,121.67,121.67
333984600,121.22,127.78,119.42,122.38,122.38
336663000,123.29,132.17,121.79,125.48,125.48
339255000,126.55,135.88,124.66,127.47,127.47
342109800,128.7,141.96,127.23,140.52,140.52
344529000,138.2,140.66,125.32,135.76,135.76
347207400,136.01,140.32,128.57,129.55,129.55
349972200,127.4,132.02,124.66,131.27,131.27
352391400,131.7,138.38,128.56,136,136
354983400,136.39,137.72,131.58,132.87,132.87
357571800,132.77,134.92,128.78,132.59,132.59
360250200,132.84,135.67,128.77,131.21,131.21
362842200,130.16,131.78,125.96,130.92,130.92
365693400,130.53,135.49,122.29,122.79,122.79
368199000,122.84,124.58,110.19,116.18,116.18
370791000,116.58,123.28,115,121.89,121.89
373559400,123.89,126.97,119.13,126.35,126.35
376065000,126.08,127.32,121.04,122.55,122.55
378743400,122.64,123.72,113.63,120.4,120.4
381421800,118.24,119.81,110.71,113.11,113.11
383841000,113.16,114.8,104.46,111.96,111.96
386519400,113.16,119.33,111.48,116.44,116.44
389280600,115.96,119.92,111.66,111.88,111.88
391786200,111.97,112.19,107.17,109.61,109.61
394378200,109.52,112.39,105.57,107.09,107.09
397143000,107.71,120.26,102.2,119.51,119.51
399735000,119.52,126.43,117.84,120.42,120.42
402327000,120.4,140.4,120.15,133.72,133.72
405009000,133.72,144.36,132.89,138.53,138.53
407601000,138.56,143.68,134.79,140.64,140.64
410452200,140.65,148.36,138.08,145.3,145.3
412957800,145.29,150.88,141.9,148.05,148.05
415377000,148.07,155.02,148.07,152.96,152.96
418055400,152.92,164.43,150.17,164.43,164.43
420730200,164.41,166.99,160.29,162.39,162.39
423322200,162.38,171.6,160.8,168.11,168.11
425914200,168.12,170.72,161.5,162.56,162.56
428592600,162.34,165.8,158.5,164.4,164.4
431271000,164.4,170.41,163.95,166.07,166.07
434035800,166.07,172.65,162.86,163.55,163.55
436545000,163.55,168.6,161.63,166.39,166.39
439137000,166.4,166.77,161.58,164.93,164.93
441901800,164.93,169.54,162.03,163.42,163.42
444493800,163.43,164,152.13,157.06,157.06
446999400,157.07,160.46,153.77,159.18,159.18
449764200,159.19,160.69,154.12,160.04,160.04
452266200,160.07,162.11,148.68,150.55,150.55
454944600,150.55,155.64,148.53,153.18,153.18
457623000,153.21,153.87,147.26,150.66,150.66
460215000,150.66,168.79,150.66,166.68,166.68
463066200,166.68,169.65,163.06,166.1,166.1
465485400,166.07,169.62,160.02,166.09,166.09
468167400,166.1,170.41,162.99,163.58,163.58
470932200,163.57,169.03,161.54,167.24,167.24
473437800,167.2,180.27,163.36,179.63,179.63
476116200,179.6,183.95,177.75,181.18,181.18
478535400,181.18,183.89,176.53,180.66,180.66
481213800,180.66,183.61,177.86,179.83,179.83
483802200,179.86,189.98,178.35,189.57,189.57
486653400,189.56,191.85,185.03,191.85,191.85
489072600,191.82,196.07,189.3,190.92,190.92
491751000,190.91,192.17,186.12,188.63,188.63
494515800,188.63,188.8,179.45,182.08,182.08
497021400,182.08,190.95,181.16,189.82,189.82
499703400,189.82,203.4,189.37,202.17,202.17
502381800,202.17,213.08,200.1,211.28,211.28
504973800,211.28,214.57,202.6,211.78,211.78
507825000,211.78,227.92,210.82,226.92,226.92
510244200,226.92,240.11,222.18,238.9,238.9
512749800,238.9,245.47,226.3,235.52,235.52
515338200,235.52,249.19,232.26,247.35,247.35
518103000,247.35,251.81,238.23,250.84,250.84
520608600,250.84,253.2,233.07,236.12,236.12
523287000,236.12,254.24,231.92,252.93,252.93
525965400,252.93,254.13,228.08,231.32,231.32
528557400,231.32,244.51,231.32,243.98,243.98
531412200,243.98,249.22,235.51,249.22,249.22
533831400,249.22,254.87,241.28,242.17,242.17
536509800,242.17,280.96,242.17,274.08,274.08
539274600,274.08,287.55,273.16,284.2,284.2
541693800,284.2,302.72,282.3,291.7,291.7
544285800,291.7,303.65,275.67,288.35986,288.35986
546874200,288.35986,298.68994,277.00977,290.09985,290.09985
549552600,290.09985,310.26978,286.92993,304,304
552144600,304,318.84985,302.52979,318.65991,318.65991
554995800,318.65991,337.88989,314.50977,329.7998,329.7998
557501400,329.7998,332.17993,308.55981,321.82983,321.82983
560093400,321.82983,328.93994,216.45999,251.78999,251.78999
562861800,251.78999,257.20996,225.78,230.29999,230.29999
565367400,230.29999,253.34999,221.23999,247.07999,247.07999
568045800,247.07999,261.77979,240.17,257.06982,257.06982
570724200,257.06982,267.81982,247.81999,267.81982,267.81982
573229800,267.81982,272.63989,256.06982,258.88989,258.88989
575908200,258.88989,272.0498,254.70999,261.32983,261.32983
578583000,261.32983,263.69995,248.84999,262.15991,262.15991
581175000,262.15991,276.87988,262.09985,273.5,273.5
583767000,273.5,276.35986,262.47998,272.01978,272.01978
586445400,272.01978,274.19995,256.52979,261.51978,261.51978
589123800,261.51978,274.86987,256.97998,271.90991,271.90991
591888600,271.90991,283.94995,268.83984,278.96997,278.96997
594397800,278.96997,280.36987,262.84985,273.69995,273.69995
596989800,273.69995,280.44995,270.46997,277.71997,277.71997
599754600,277.71997,297.50977,273.80981,297.46997,297.46997
602346600,297.46997,300.56982,286.25977,288.85986,288.85986
604765800,288.85986,299.98999,286.45996,294.86987,294.86987
607613400,294.86987,310.44995,294.34985,309.63989,309.63989
610032600,309.63989,323.05981,304.05981,320.51978,320.51978
612711000,320.51978,329.18994,314.37988,317.97998,317.97998
615475800,317.97998,346.07983,317.25977,346.07983,346.07983
617981400,346.07983,352.72998,339,351.44995,351.44995
620659800,351.44995,354.12988,341.36987,349.1499,349.1499
623338200,349.1499,360.43994,327.11987,340.35986,340.35986
625933800,340.35986,346.5,330.90991,345.98999,345.98999
628525800,345.98999,354.09985,339.62988,353.3999,353.3999
631204200,353.3999,360.58984,319.82983,329.07983,329.07983
633882600,329.07983,336.08984,322.09985,331.88989,331.88989
636301800,331.88989,344.48999,331.07983,339.93994,339.93994
639063000,339.93994,347.2998,327.75977,330.7998,330.7998
641568600,330.7998,362.25977,330.7998,361.22998,361.22998
644247000,361.22998,368.77979,351.22998,358.01978,358.01978
646925400,358.01978,369.77979,350.08984,356.1499,356.1499
649517400,356.1499,357.34985,306.17993,322.55981,322.55981
652368600,322.55981,326.52979,295.97998,306.0498,306.0498
654787800,306.0498,319.68994,294.50977,304,304
657469800,304,323.01978,301.60986,322.21997,322.21997
660234600,322.21997,333.97998,321.96997,330.21997,330.21997
662740200,330.21997,343.92993,309.34985,343.92993,343.92993
665418600,343.92993,370.95996,340.36987,367.06982,367.06982
667837800,367.06982,379.65991,363.72998,375.21997,375.21997
670516200,375.21997,391.25977,370.26978,375.34985,375.34985
673104600,375.34985,389.84985,365.82983,389.82983,389.82983
675955800,389.82983,389.82983,367.97998,371.15991,371.15991
678375000,371.15991,387.80981,370.91992,387.80981,387.80981
681053400,387.80981,396.81982,374.08984,395.42993,395.42993
683818200,395.42993,397.61987,382.76978,387.85986,387.85986
686323800,387.85986,393.80981,376.10986,392.45996,392.45996
689005800,392.45996,398.21997,371.62988,375.21997,375.21997
691684200,375.21997,418.31982,371.35986,417.08984,417.08984
694276200,417.08984,421.17993,408.63989,408.78979,408.78979
697127400,408.78979,418.07983,406.33984,412.69995,412.69995
699546600,412.69995,413.77979,401.93994,403.68994,403.68994
702138600,403.68994,416.27979,392.40991,414.94995,414.94995
704727000,414.94995,418.75,409.84985,415.34985,415.34985
707405400,415.34985,417.2998,399.91992,408.13989,408.13989
709997400,408.13989,424.7998,407.19995,424.20996,424.20996
712848600,424.20996,425.13989,408.2998,414.02979,414.02979
715354200,414.02979,425.26978,412.70996,417.7998,417.7998
717946200,417.7998,421.15991,396.7998,418.67993,418.67993
720714600,418.67993,431.92993,415.57983,431.34985,431.34985
723220200,431.34985,442.6499,428.60986,435.70996,435.70996
725898600,435.69995,442.65991,426.87988,438.77979,438.77979
728577000,438.79004,450.03979,428.25,443.37988,443.37988
730996200,443.3999,456.75977,441.06982,451.66992,451.66992
733674600,451.66992,452.62988,432.2998,440.18994,440.18994
736435800,440.18994,454.5498,436.85986,450.18994,450.18994
738941400,450.22998,455.62988,442.5,450.52979,450.52979
741533400,450.54004,451.1499,441.3999,448.12988,448.12988
744298200,448.13989,463.55981,446.93994,463.55981,463.55981
746890200,463.55005,463.7998,449.63989,458.92993,458.92993
749482200,458.92993,471.09985,456.3999,467.82983,467.82983
752164200,467.83008,469.10986,454.35986,461.78979,461.78979
754756200,461.92993,471.28979,455.44995,466.44995,466.44995
757607400,466.51001,482.84985,464.35986,481.60986,481.60986
760113000,481.6001,482.22998,464.25977,467.13989,467.13989
762532200,467.18994,471.08984,436.15991,445.76978,445.76978
765210600,445.65991,452.79,435.85986,450.90991,450.90991
767885400,450.90991,457.76978,440.77979,456.5,456.5
770477400,456.5,463.22998,439.82983,444.26978,444.26978
773069400,444.27002,459.32983,443.57983,458.25977,458.25977
775747800,458.28003,477.58984,456.07983,475.48999,475.48999
778426200,475.48999,475.48999,458.46997,462.68994,462.68994
781191000,462.68994,474.73999,449.26978,472.34985,472.34985
783700200,472.26001,472.3501,444.17993,453.68994,453.68994
786292200,453.55005,462.72998,442.87988,459.26978,459.26978
789057000,459.20996,471.35986,457.19995,470.41992,470.41992
791649000,470.41992,489.18994,469.28979,487.38989,487.38989
794068200,487.38989,508.1499,479.69995,500.70996,500.70996
796915800,500.69995,515.28979,500.19995,514.70996,514.70996
799335000,514.76001,533.40991,513.02979,533.3999,533.3999
802013400,533.3999,551.06982,526,544.75,544.75
804778200,544.75,565.3999,542.50977,562.05981,562.05981
807283800,562.06006,565.61987,553.03979,561.87988,561.87988
809962200,561.87988,587.60986,561.00977,584.40991,584.40991
812640600,584.40991,590.65991,571.5498,581.5,581.5
815236200,581.5,608.68994,581.03979,605.36987,605.36987
817828200,605.37012,622.87988,605.0498,615.92993,615.92993
820506600,615.92993,636.17993,597.28979,636.01978,636.01978
823185000,636.02002,664.22998,633.70996,640.42993,640.42993
825690600,640.42993,656.96997,627.62988,645.5,645.5
828369000,645.5,656.67993,624.13989,654.16992,654.16992
830957400,654.16992,681.09985,630.06982,669.11987,669.11987
833808600,669.11987,680.31982,658.75,670.62988,670.62988
836227800,670.62988,675.87988,605.87988,639.94995,639.94995
838906200,639.94995,670.67993,639.48999,651.98999,651.98999
841671000,651.98999,690.87988,643.96997,687.30981,687.30981
844176600,687.31006,714.09985,684.43994,705.26978,705.26978
846858600,705.27002,762.11987,701.2998,757.01978,757.01978
849537000,757.02002,761.75,716.68994,740.73999,740.73999
852129000,740.73999,794.66992,729.5498,786.15991,786.15991
854980200,786.15991,817.67993,773.42993,790.81982,790.81982
857399400,790.82007,814.8999,756.12988,757.11987,757.11987
859905000,757.12012,804.12988,733.53979,801.33984,801.33984
862493400,801.34009,851.86987,793.20996,848.27979,848.27979
865258200,848.28003,902.08984,838.81982,885.13989,885.13989
867763800,885.13989,957.72998,884.53979,954.28979,954.28979
870442200,954.29004,964.16992,893.33984,899.46997,899.46997
873120600,899.46997,960.58984,899.46997,947.27979,947.27979
875712600,950.91992,983.11987,855.26978,914.61987,914.61987
878567400,914.62012,964.5498,900.60986,955.3999,955.3999
880986600,955.3999,986.25,924.91992,970.42993,970.42993
883665000,970.42993,992.6499,912.82983,980.27979,980.27979
886429800,980.28003,1051.65991,980.27979,1049.33984,1049.33984
888849000,1049.34009,1113.07007,1030.86987,1101.75,1101.75
891441000,1101.75,1132.97998,1076.69995,1111.75,1111.75
894029400,1111.75,1130.52002,1074.38989,1090.81982,1090.81982
896707800,1090.82007,1145.1499,1074.66992,1133.83984,1133.83984
899299800,1133.84009,1190.58008,1114.2998,1120.66992,1120.66992
902151000,1120.66992,1121.79004,957.27979,957.27979,957.27979
904656600,957.28003,1066.11011,939.97998,1017.00977,1017.00977
907248600,1017.01001,1103.78003,923.31982,1098.66992,1098.66992
910017000,1098.66992,1192.96997,1098.66992,1163.62988,1163.62988
912522600,1163.62988,1244.92993,1136.88989,1229.22998,1229.22998
915201000,1229.22998,1280.37012,1205.45996,1279.63989,1279.63989
917879400,1279.63989,1283.84009,1211.88989,1238.32983,1238.32983
920298600,1238.33008,1323.82007,1216.02979,1286.36987,1286.36987
922977000,1286.37012,1371.56006,1282.55981,1335.17993,1335.17993
925738200,1335.17993,1375.97998,1277.30981,1301.83984,1301.83984
928243800,1301.84009,1372.92993,1277.46997,1372.70996,1372.70996
930835800,1372.70996,1420.33008,1328.48999,1328.71997,1328.71997
933600600,1328.71997,1382.84009,1267.72998,1320.40991,1320.40991
936192600,1320.40991,1361.3501,1256.25977,1282.70996,1282.70996
938784600,1282.70996,1373.16992,1233.69995,1362.92993,1362.92993
941466600,1362.92993,1425.31006,1346.40991,1388.90991,1388.90991
944058600,1388.90991,1473.12988,1387.47998,1469.25,1469.25
946909800,1469.25,1478,1350.13989,1394.45996,1394.45996
949415400,1394.45996,1444.37988,1325.01978,1366.41992,1366.41992
951921000,1366.41992,1553.11011,1346.5,1498.57983,1498.57983
954768600,1498.58008,1527.11011,1339.3999,1452.42993,1452.42993
957187800,1452.42993,1481.42993,1361.19995,1420.59985,1420.59985
959866200,1420.6001,1488.97998,1420.59985,1454.59985,1454.59985
962631000,1454.6001,1517.23999,1414.15991,1430.82983,1430.82983
965136600,1430.83008,1525.30005,1426.0498,1517.67993,1517.67993
967815000,1517.67993,1530.01001,1419.53979,1436.50977,1436.50977
970493400,1436.52002,1454.82007,1305.78979,1429.3999,1429.3999
973089000,1429.3999,1438.45996,1294.8999,1314.94995,1314.94995
975681000,1314.94995,1389.05005,1254.06982,1320.27979,1320.27979
978445800,1320.28003,1383.37012,1274.61987,1366.00977,1366.00977
981037800,1366.01001,1376.37988,1215.43994,1239.93994,1239.93994
983457000,1239.93994,1267.41992,1081.18994,1160.32983,1160.32983
986218200,1160.33008,1269.30005,1091.98999,1249.45996,1249.45996
988723800,1249.45996,1315.92993,1232,1255.81982,1255.81982
991402200,1255.82007,1286.62012,1203.02979,1224.41992,1224.41992
994080600,1224.41992,1239.78003,1165.53979,1211.22998,1211.22998
996672600,1211.22998,1226.27002,1124.86987,1133.57983,1133.57983
999610200,1133.58008,1155.3999,944.75,1040.93994,1040.93994
1001943000,1040.93994,1110.61011,1026.75977,1059.77979,1059.77979
1004625000,1059.78003,1163.37988,1054.30981,1139.44995,1139.44995
1007389800,1139.44995,1173.62012,1114.5,1148.07983,1148.07983
1009981800,1148.08008,1176.96997,1081.65991,1130.19995,1130.19995
1012573800,1130.19995,1130.19995,1074.35986,1106.72998,1106.72998
1014993000,1106.72998,1173.88989,1106.72998,1147.38989,1147.38989
1017671400,1147.38989,1147.75,1063.55981,1076.91992,1076.91992
1020259800,1076.91992,1106.59009,1049.05981,1067.13989,1067.13989
1023111000,1067.13989,1070.65991,953.07983,989.81982,989.81982
1025530200,989.82007,994.3501,775.95996,911.61987,911.61987
1028208600,911.62012,964.84009,833.43994,916.06982,916.06982
1031059800,916.07007,923.97998,800.25977,815.27979,815.27979
1033479000,815.28003,907.51001,768.66992,885.76978,885.76978
1036161000,885.76001,941.81982,872.15991,936.31006,936.31006
1038839400,936.31006,954.32007,869.42993,879.81982,879.81982
1041517800,879.82007,935.06006,840.27979,855.69995,855.69995
1044282600,855.69995,864.66992,806.31982,841.1499,841.1499
1046701800,841.1499,895.88989,788.93994,848.17993,848.17993
1049207400,848.17993,924.23999,847.94995,916.91992,916.91992
1051795800,916.91992,965.11011,812.37988,963.58984,963.58984
1054560600,971.12988,1015.26001,963.58984,974.5,974.5
1057066200,971.16992,1015.36011,962.12988,990.30981,990.30981
1059744600,988.21997,1011.01001,960.83984,1008.00977,1008.00977
1062509400,1010.44995,1040.29004,990.35986,995.96997,995.96997
1065015000,1000.6001,1053.79004,995.96997,1050.70996,1050.70996
1067869800,1053.8501,1063.6499,1031.19995,1058.19995,1058.19995
1070289000,1064.1001,1112.56006,1053.40991,1111.91992,1111.91992
1073053800,1114.05005,1155.37988,1105.07983,1131.12988,1131.12988
1075732200,1132.58008,1158.97998,1124.43994,1144.93994,1144.93994
1078151400,1148.92993,1163.22998,1087.05981,1126.20996,1126.20996
1080829800,1128.13989,1150.57007,1107.22998,1107.2998,1107.2998
1083591000,1110.44995,1127.73999,1076.31982,1120.67993,1120.67993
1086096600,1118.02002,1146.34009,1113.31982,1140.83984,1140.83984
1088688600,1139.44995,1140.84009,1078.77979,1101.71997,1101.71997
1091453400,1098,1109.67993,1062.22998,1104.23999,1104.23999
1094045400,1102.66992,1131.54004,1099.10986,1114.57983,1114.57983
1096637400,1120.27002,1142.05005,1090.18994,1130.19995,1130.19995
1099319400,1130.87988,1188.45996,1127.52979,1173.81982,1173.81982
1101911400,1177.13989,1217.33008,1173.75977,1211.91992,1211.91992
1104762600,1215.81006,1217.8999,1163.75,1181.26978,1181.26978
1107268200,1183.34009,1212.43994,1180.94995,1203.59985,1203.59985
1109687400,1205.94995,1229.11011,1163.68994,1180.58984,1180.58984
1112365800,1186.53003,1191.87988,1136.1499,1156.84985,1156.84985
1115040600,1158.65991,1199.56006,1146.17993,1191.5,1191.5
1117632600,1191.5,1219.59009,1188.2998,1191.32983,1191.32983
1120224600,1194.8999,1245.1499,1183.5498,1234.17993,1234.17993
1122903000,1237.84009,1245.86011,1201.07007,1220.33008,1220.33008
1125581400,1219.91992,1243.12988,1205.34985,1228.80981,1228.80981
1128346200,1229.57007,1233.34009,1168.19995,1207.00977,1207.00977
1130855400,1204.93994,1270.63989,1201.06982,1249.47998,1249.47998
1133447400,1256.6001,1275.80005,1246.58984,1248.28979,1248.28979
1136298600,1255.44995,1294.8999,1245.73999,1280.07983,1280.07983
1138804200,1278.1001,1297.57007,1253.60986,1280.65991,1280.65991
1141223400,1283.16992,1310.87988,1268.41992,1294.82983,1294.82983
1144071000,1301.67993,1318.15991,1280.73999,1310.60986,1310.60986
1146490200,1314.54004,1326.69995,1245.33984,1270.08984,1270.08984
1149168600,1270.08008,1290.67993,1219.28979,1270.19995,1270.19995
1151933400,1275.13989,1280.41992,1224.53979,1276.65991,1276.65991
1154439000,1272.43994,1306.73999,1261.2998,1303.81982,1303.81982
1157117400,1309.59009,1340.28003,1290.92993,1335.84985,1335.84985
1159795800,1335.82007,1389.44995,1327.09985,1377.93994,1377.93994
1162391400,1381.94995,1407.88989,1360.97998,1400.62988,1400.62988
1164983400,1401.66992,1431.81006,1385.92993,1418.2998,1418.2998
1167834600,1419.36011,1441.61011,1403.96997,1438.23999,1438.23999
1170340200,1441.90991,1461.57007,1389.41992,1406.81982,1406.81982
1172759400,1387.71997,1438.88989,1363.97998,1420.85986,1420.85986
1175520600,1423.71997,1498.02002,1416.36987,1482.36987,1482.36987
1178026200,1484.37988,1535.56006,1476.69995,1530.61987,1530.61987
1180704600,1536.72998,1540.56006,1484.17993,1503.34985,1503.34985
1183383000,1512.34009,1555.8999,1454.21997,1455.26978,1455.26978
1185975000,1453.19995,1503.40991,1370.59985,1473.98999,1473.98999
1188912600,1472.36011,1538.73999,1439.28979,1526.75,1526.75
1191245400,1527.26001,1576.09009,1489.55981,1549.37988,1549.37988
1193923800,1531.61011,1545.79004,1406.09985,1481.13989,1481.13989
1196692200,1478.21997,1523.57007,1435.6499,1468.35986,1468.35986
1199284200,1468.30005,1471.77002,1270.0498,1378.5498,1378.5498
1201876200,1381.71997,1396.02002,1316.75,1330.62988,1330.62988
1204554600,1329.67993,1359.67993,1256.97998,1322.69995,1322.69995
1207056600,1340.93994,1404.57007,1324.34985,1385.58984,1385.58984
1209648600,1384.22998,1440.23999,1373.06982,1400.37988,1400.37988
1212413400,1395.73999,1404.05005,1272,1280,1280
1214919000,1266.79004,1292.16992,1200.43994,1267.37988,1267.37988
1217597400,1270.52002,1313.1499,1247.44995,1282.82983,1282.82983
1220362200,1298.33008,1303.04004,1106.38989,1166.36011,1166.36011
1222867800,1154.69995,1167.03003,839.7998,968.75,968.75
1225722600,968.23999,1007.51001,741.01978,896.23999,896.23999
1228141800,870.23999,918.8501,815.68994,903.25,903.25
1230906600,904.61011,943.8501,804.2998,825.87988,825.87988
1233585000,815.11011,875.01001,734.51978,735.08984,735.08984
1236004200,719.75,832.97998,666.78979,797.86987,797.86987
1238592600,785.01001,888.69995,783.31982,872.80981,872.80981
1241184600,873,930.16992,866.09985,919.13989,919.13989
1243863000,932.41992,956.22998,888.85986,919.31982,919.31982
1246455000,925.03003,996.67993,869.31982,987.47998,987.47998
1249306200,998.21997,1039.46997,978.50977,1020.61987,1020.61987
1251811800,1015.87988,1080.1499,991.96997,1057.07983,1057.07983
1254403800,1052.80005,1101.36011,1019.94995,1036.18994,1036.18994
1257172200,1040.80005,1113.68994,1029.37988,1095.62988,1095.62988
1259677800,1098.88989,1130.37988,1085.88989,1115.09985,1115.09985
1262615400,1116.56006,1150.44995,1071.58984,1073.86987,1073.86987
1265034600,1073.88989,1112.41992,1044.5,1104.48999,1104.48999
1267453800,1105.36011,1180.68994,1105.35986,1169.42993,1169.42993
1270128600,1171.22998,1219.80005,1170.68994,1186.68994,1186.68994
1272893400,1188.58008,1205.12988,1040.77979,1089.40991,1089.40991
1275399000,1087.30005,1131.22998,1028.33008,1030.70996,1030.70996
1277991000,1031.1001,1120.94995,1010.90991,1101.6001,1101.6001
1280755800,1107.53003,1129.93994,1039.69995,1049.33008,1049.33008
1283347800,1049.71997,1157.15991,1049.71997,1141.19995,1141.19995
1285939800,1143.48999,1196.13989,1131.87012,1183.26001,1183.26001
1288618200,1185.70996,1227.08008,1173,1180.55005,1180.55005
1291213800,1186.6001,1262.6001,1186.6001,1257.63989,1257.63989
1294065000,1257.62012,1302.66992,1257.62012,1286.12012,1286.12012
1296570600,1289.13989,1344.07007,1289.13989,1327.21997,1327.21997
1298989800,1328.63989,1332.28003,1249.05005,1325.83008,1325.83008
1301664600,1329.47998,1364.56006,1294.69995,1363.61011,1363.61011
1304343000,1365.20996,1370.58008,1311.80005,1345.19995,1345.19995
1306935000,1345.19995,1345.19995,1258.07007,1320.63989,1320.63989
1309527000,1320.63989,1356.47998,1282.86011,1292.28003,1292.28003
1312205400,1292.59009,1307.37988,1101.54004,1218.88989,1218.88989
1314883800,1219.12012,1229.29004,1114.21997,1131.41992,1131.41992
1317648600,1131.20996,1292.65991,1074.77002,1253.30005,1253.30005
1320154200,1251,1277.55005,1158.65991,1246.95996,1246.95996
1322749800,1246.90991,1269.37012,1202.37012,1257.6001,1257.6001
1325601000,1258.86011,1333.46997,1258.86011,1312.40991,1312.40991
1328106600,1312.44995,1378.04004,1312.44995,1365.67993,1365.67993
1330612200,1365.8999,1419.1499,1340.03003,1408.46997,1408.46997
1333373400,1408.46997,1422.37988,1357.37988,1397.90991,1397.90991
1335879000,1397.86011,1415.32007,1291.97998,1310.33008,1310.33008
1338557400,1309.87012,1363.45996,1266.73999,1362.15991,1362.15991
1341235800,1362.33008,1391.73999,1325.40991,1379.32007,1379.32007
1343827800,1379.32007,1426.67993,1354.6499,1406.58008,1406.58008
1346765400,1406.54004,1474.51001,1396.56006,1440.66992,1440.66992
1349098200,1440.8999,1470.95996,1403.28003,1412.15991,1412.15991
1351776600,1412.19995,1434.27002,1343.3501,1416.17993,1416.17993
1354545000,1416.34009,1448,1398.11011,1426.18994,1426.18994
1357137000,1426.18994,1509.93994,1426.18994,1498.11011,1498.11011
1359729000,1498.11011,1530.93994,1485.01001,1514.67993,1514.67993
1362148200,1514.67993,1570.28003,1501.47998,1569.18994,1569.18994
1364823000,1569.17993,1597.57007,1536.03003,1597.57007,1597.57007
1367415000,1597.55005,1687.17993,1581.28003,1630.73999,1630.73999
1370266200,1631.70996,1654.18994,1560.33008,1606.28003,1606.28003
1372685400,1609.78003,1698.78003,1604.57007,1685.72998,1685.72998
1375363800,1689.41992,1709.66992,1627.46997,1632.96997,1632.96997
1378215000,1635.94995,1729.86,1633.40991,1681.55,1681.55
1380634200,1682.41,1775.22,1646.47,1756.54,1756.54
1383312600,1758.7,1813.55,1746.2,1805.81,1805.81
1385994600,1806.55,1849.44,1767.99,1848.36,1848.36
1388673000,1845.86,1850.84,1770.45,1782.59,1782.59
1391437800,1782.68,1867.92,1737.92,1859.45,1859.45
1393857000,1857.68,1883.97,1834.44,1872.34,1872.34
1396359000,1873.96,1897.28,1814.36,1883.95,1883.95
1398951000,1884.39,1924.03,1859.79,1923.57,1923.57
1401715800,1923.87,1968.17,1915.98,1960.23,1960.23
1404221400,1962.29,1991.39,1930.67,1930.67,1930.67
1406899800,1929.8,2005.04,1904.78,2003.37,2003.37
1409664600,2004.07,2019.26,1964.04,1972.29,1972.29
1412170200,1971.44,2018.19,1820.66,2018.05,2018.05
1415025000,2018.21,2075.76,2001.01,2067.56,2067.56
1417444200,2065.78,2093.55,1972.56,2058.9,2058.9
1420209000,2058.9,2072.36,1988.12,1994.99,1994.99
1422887400,1996.67,2119.59,1980.9,2104.5,2104.5
1425306600,2105.23,2117.52,2039.69,2067.89,2067.89
1427895000,2067.63,2125.92,2048.38,2085.51,2085.51
1430487000,2087.38,2134.72,2067.93,2107.39,2107.39
1433165400,2108.64,2129.87,2056.32,2063.11,2063.11
1435757400,2067,2132.82,2044.02,2103.84,2103.84
1438608600,2104.49,2112.66,1867.01,1972.18,1972.18
1441114200,1970.09,2020.86,1871.91,1920.03,1920.03
1443706200,1919.65,2094.32,1893.7,2079.36,2079.36
1446474600,2080.76,2116.48,2019.39,2080.41,2080.41
1448980200,2082.93,2104.27,1993.26,2043.94,2043.94
1451917800,2038.2,2038.2,1812.29,1940.24,1940.24
1454337000,1936.94,1962.96,1810.1,1932.23,1932.23
1456842600,1937.09,2072.21,1937.09,2059.74,2059.74
1459517400,2056.62,2111.05,2033.8,2065.3,2065.3
1462195800,2067.17,2103.48,2025.91,2096.96,2096.96
1464787800,2093.94,2120.55,1991.68,2098.86,2098.86
1467379800,2099.34,2177.09,2074.02,2173.6,2173.6
1470058200,2173.15,2193.81,2147.58,2170.95,2170.95
1472736600,2171.33,2187.87,2119.12,2168.27,2168.27
1475501400,2164.33,2169.6,2114.74,2126.15,2126.15
1478007000,2128.68,2214.1,2083.79,2198.81,2198.81
1480602600,2200.17,2277.53,2187.44,2238.83,2238.83
1483453800,2251.57,2300.99,2245.13,2278.87,2278.87
1485959400,2285.59,2371.54,2271.65,2363.64,2363.64
1488378600,2380.13,2400.98,2322.25,2362.72,2362.72
1491226200,2362.34,2398.16,2328.95,2384.2,2384.2
1493645400,2388.5,2418.71,2352.72,2411.8,2411.8
1496323800,2415.65,2453.82,2405.7,2423.41,2423.41
1499088600,2431.39,2484.04,2407.7,2470.3,2470.3
1501594200,2477.1,2490.87,2417.35,2471.65,2471.65
1504272600,2474.42,2519.44,2446.55,2519.36,2519.36
1506951000,2521.2,2582.98,2520.4,2575.26,2575.26
1509543000,2583.21,2657.74,2557.45,2647.58,2647.58
1512138600,2645.1,2694.97,2605.52,2673.61,2673.61
1514903400,2683.73,2872.87,2682.36,2823.81,2823.81
1517495400,2816.45,2835.96,2532.69,2713.83,2713.83
1519914600,2715.22,2801.9,2585.89,2640.87,2640.87
1522675800,2633.45,2717.49,2553.8,2648.05,2648.05
1525181400,2643.64,2742.24,2594.62,2705.27,2705.27
1527859800,2718.7,2791.47,2691.99,2718.37,2718.37
1530538200,2704.95,2848.03,2698.95,2816.29,2816.29
1533130200,2821.17,2916.5,2796.34,2901.52,2901.52
1536067800,2896.96,2940.91,2864.12,2913.98,2913.98
1538400600,2926.29,2939.86,2603.54,2711.74,2711.74
1541079000,2717.58,2815.15,2631.09,2760.17,2760.17
1543847400,2790.5,2800.18,2346.58,2506.85,2506.85
1546439400,2476.96,2708.95,2443.96,2704.1,2704.1
1549031400,2702.32,2813.49,2681.83,2784.49,2784.49
1551450600,2798.22,2860.31,2722.27,2834.4,2834.4
1554125400,2848.63,2949.52,2848.63,2945.83,2945.83
1556717400,2952.33,2954.13,2750.52,2752.06,2752.06
1559568600,2751.53,2964.15,2728.81,2941.76,2941.76
1561987800,2971.41,3027.98,2952.22,2980.38,2980.38
1564666200,2980.32,3013.59,2822.12,2926.46,2926.46
1567517400,2909.01,3021.99,2891.85,2976.74,2976.74
1569936600,2983.69,3050.1,2855.94,3037.56,3037.56
1572615000,3050.72,3154.26,3050.72,3140.98,3140.98
1575297000,3143.85,3247.93,3070.33,3230.78,3230.78
1577975400,3244.67,3337.77,3214.64,3225.52,3225.52
1580740200,3235.66,3393.52,2855.84,2954.22,2954.22
1583159400,2974.28,3136.72,2191.86,2584.59,2584.59
1585747800,2498.08,2954.86,2447.49,2912.43,2912.43
1588339800,2869.09,3068.67,2766.64,3044.31,3044.31
1591018200,3038.78,3233.13,2965.66,3100.29,3100.29
1593610200,3105.92,3279.99,3101.17,3271.12,3271.12
1596461400,3288.26,3514.77,3284.53,3500.31,3500.31
1598967000,3507.44,3588.11,3209.45,3363,3363
1601559000,3385.87,3549.85,3233.94,3269.96,3269.96
1604327400,3296.2,3645.99,3279.74,3621.63,3621.63
1606833000,3645.87,3760.2,3633.4,3756.07,3756.07
1609770600,3764.61,3870.9,3662.71,3714.24,3714.24
1612189800,3731.17,3950.43,3725.62,3811.15,3811.15
1614609000,3842.51,3994.41,3723.34,3972.89,3972.89
1617283800,3992.78,4218.78,3992.78,4181.17,4181.17
1620048600,4191.98,4238.04,4056.88,4204.11,4204.11
1622554200,4216.52,4302.43,4164.4,4297.5,4297.5
1625146200,4300.73,4429.97,4233.13,4395.26,4395.26
1627911000,4406.86,4537.36,4367.73,4522.68,4522.68
1630503000,4528.8,4545.85,4305.91,4307.54,4307.54
1633095000,4317.16,4608.08,4278.94,4605.38,4605.38
1635773400,4610.62,4743.83,4560,4567,4567
1638369000,4602.82,4808.93,4495.12,4766.18,4766.18
1641220200,4778.14,4818.62,4222.62,4515.55,4515.55
1643725800,4519.57,4595.31,4114.65,4373.94,4373.94
1646145000,4363.14,4637.3,4157.87,4530.41,4530.41
1648819800,4540.32,4593.45,4124.28,4131.93,4131.93
1651498200,4130.61,4307.66,3810.32,4132.15,4132.15
1654090200,4149.78,4177.51,3636.87,3785.38,3785.38
1656682200,3781,4140.15,3721.56,4130.29,4130.29
1659360600,4112.38,4325.28,3954.53,3955,3955
1662039000,3936.73,4119.28,3584.13,3585.62,3585.62
1664803800,3609.78,3905.42,3491.58,3871.98,3871.98
1667309400,3901.79,4080.11,3698.15,4080.11,4080.11
1669905000,4087.14,4100.96,3764.49,3839.5,3839.5
1672756200,3853.29,4094.21,3794.33,4076.6,4076.6
1675261800,4070.07,4195.44,3943.08,3970.15,3970.15
1677681000,3963.34,4110.75,3808.86,4109.31,4109.31
1680528600,4102.2,4163.19,4069.84,4137.64,4137.64