time,open,high,low,close,Fisher,Trigger
1254700800,0.00076392,0.00120045,0.00076392,0.00115338,NaN,0
1255305600,0.00110205,0.00124491,0.00110205,0.00122546,NaN,0
1255910400,0.00124799,0.00128808,0.00121062,0.00128808,NaN,0
1256515200,0.00126622,0.00128455,0.00121911,0.00121911,NaN,0
1257120000,0.00125614,0.00130618,0.00125614,0.00126048,NaN,0
1257724800,0.00126048,0.00135534,0.00123576,0.00123576,NaN,0
1258329600,0.00118912,0.00118912,0.00105922,0.00105922,NaN,0
1258934400,0.00100038,0.00100038,0.00082926,0.00082926,NaN,0
1259539200,0.00082384,0.00082384,0.00073284,0.00073284,NaN,0
1260144000,0.00071822,0.00071822,0.00061788,0.00061788,-0.34282825441539394,0
1260748800,0.00061487,0.00063024,0.00061337,0.0006271,-0.7913738721291064,-0.34282825441539394
1261353600,0.0006271,0.0006334,0.0006271,0.0006334,-1.2454856247558483,-0.7913738721291064
1261958400,0.0006334,0.00071822,0.0006334,0.00071822,-1.573316853826669,-1.2454856247558483
1262563200,0.00071822,0.00071822,0.00071822,0.00071822,-1.718347966546514,-1.573316853826669
1263168000,0.00071822,0.00283078,0.00071822,0.00280002,-1.020586367669126,-1.718347966546514
1263772800,0.00294594,0.00325203,0.00273583,0.00325203,-0.28371039393746755,-1.020586367669126
1264377600,0.00325404,0.0033661,0.00318532,0.00329826,0.3801741697170808,-0.28371039393746755
1264982400,0.00329674,0.00373511,0.00329674,0.00373511,0.9673057479362924,0.3801741697170808
1265587200,0.00379478,0.00405351,0.00379478,0.00405351,1.4948142650546128,0.9673057479362924
1266192000,0.00414731,0.00466157,0.00414731,0.00466157,1.9801812508679726,1.4948142650546128
1266796800,0.0047061,0.00529801,0.0047061,0.00529801,2.4369293702558323,1.9801812508679726
1267401600,0.00539695,0.00547226,0.00539695,0.00547226,2.874596156477538,2.4369293702558323
1271635200,0.003,0.003,0.003,0.003,2.1497341294901764,2.874596156477538
1272240000,0.003,0.003,0.003,0.003,1.3856628728132576,2.1497341294901764
1272844800,0.003,0.0043,0.003,0.0035,0.7420614504713275,1.3856628728132576
1273449600,0.0039,0.0044,0.0039,0.004,0.38574415968362596,0.7420614504713275
1274054400,0.0047,0.0049,0.0043,0.0045,0.30696782437955705,0.38574415968362596
1274659200,0.0048,0.0048,0.0045,0.0045,0.34936600808542373,0.30696782437955705
1275868800,0.0046,0.005,0.0045,0.005,0.45586362064479696,0.34936600808542373
1276473600,0.005,0.005,0.005,0.005,0.6465440511778013,0.45586362064479696
1277078400,0.005,0.0054,0.0044,0.0044,0.8082644302654676,0.6465440511778013
1277683200,0.005,0.0068,0.0044,0.0068,1.1482990536100923,0.8082644302654676
1278288000,0.0055,0.0084,0.0055,0.007,1.5544814753391107,1.1482990536100923
1278892800,0.012,0.0925,0.01,0.08584,1.9805143718341276,1.5544814753391107
1279497600,0.0909,0.09307,0.05049,0.0505,2.408423532330943,1.9805143718341276
1280102400,0.05,0.0699,0.05,0.0611,2.3299408503063317,2.408423532330943
1280707200,0.0625,0.065,0.057,0.0609,2.1765504978869235,2.3299408503063317
1281312000,0.06091,0.07541,0.0593,0.06529,2.1866871408127135,2.1765504978869235
1281916800,0.06319,0.0769,0.0612,0.066,2.311166704620973,2.1866871408127135
1282521600,0.066,0.06689,0.063,0.064,2.3268775722634594,2.311166704620973
1283126400,0.0646,0.069,0.03211,0.0616,1.9757573840938156,2.3268775722634594
1283731200,0.0627,0.065,0.06014,0.0615,1.8277086036684116,1.9757573840938156
1284336000,0.062,0.175,0.05761,0.0627,1.9837759615203392,1.8277086036684116
1284940800,0.0621,0.0634,0.06147,0.062,1.3214987060995713,1.9837759615203392
1285545600,0.06205,0.06271,0.061,0.06111,0.6573535362573071,1.3214987060995713
1286150400,0.06119,0.1301,0.01,0.0965,0.19123386695800879,0.6573535362573071
1286755200,0.091,0.119,0.065,0.102,0.09013149835981055,0.19123386695800879
1287360000,0.103,0.19,0.094,0.11501,0.38377524011047326,0.09013149835981055
1287964800,0.09009,0.199,0.09009,0.1925,0.8083177840460671,0.38377524011047326
1288569600,0.1925,0.5,0.125,0.34,1.2667440214013101,0.8083177840460671
1289174400,0.3459,0.37,0.14,0.27904,1.4017307288966632,1.2667440214013101
1289779200,0.27904,0.29,0.2116,0.27675,1.3945342554529887,1.4017307288966632
1290384000,0.27679,0.289,0.269,0.27,1.462264733887147,1.3945342554529887
1290988800,0.279,0.279,0.19,0.19,1.3582979737625571,1.462264733887147
1291593600,0.225,0.2477,0.1701,0.22,1.127526300035064,1.3582979737625571
1292198400,0.21,0.255,0.21,0.2401,0.9548795409497407,1.127526300035064
1292803200,0.2401,0.275,0.24,0.265,0.8618746382758636,0.9548795409497407
1293408000,0.251,0.301,0.251,0.29997,0.8934858122476848,0.8618746382758636
1294012800,0.29,0.323,0.289,0.323,1.106403176942906,0.8934858122476848
1294617600,0.32291,0.45,0.3175,0.38679,1.4553698134333226,1.106403176942906
1295222400,0.38679,0.4443,0.305,0.4424,1.7636164536455468,1.4553698134333226
1295827200,0.4424,0.48,0.381,0.4799,2.1383401751634903,1.7636164536455468
1296432000,0.47981,0.95,0.47,0.8975,2.539133470046354,2.1383401751634903
1297036800,0.89968,1.1,0.8,1.05,2.9484171594056283,2.539133470046354
1297641600,1.04,1.085,0.78009,0.85,3.202561717024753,2.9484171594056283
1298246400,0.8313,1,0.8313,0.89,3.2329504075242843,3.202561717024753
1298851200,0.89009,0.97,0.81,0.8999,3.0474520168686254,3.2329504075242843
1299456000,0.87,0.9329,0.846,0.89249,2.838571266158593,3.0474520168686254
1300060800,0.89249,0.9,0.70999,0.74108,2.377642915377416,2.838571266158593
1300665600,0.76145,0.905,0.7405,0.822,2.022042847037173,2.377642915377416
1301270400,0.82,0.85,0.76,0.779,1.7086489492149202,2.022042847037173
1301875200,0.777,0.799,0.5619,0.7369,0.9283755414231194,1.7086489492149202
1302480000,0.73752,1.14,0.7103,1.1123,0.794362612769636,0.9283755414231194
1303084800,1.13888,1.95,1.1103,1.6311,1.0063109946037976,0.794362612769636
1303689600,1.631,4.14996,1.52109,3.03311,1.359084992008891,1.0063109946037976
1304294400,3.0988,3.937,3.029,3.8659,1.7646446498863217,1.359084992008891
1304899200,3.8696,8.9,3.6905,6.98701,2.186152611218408,1.7646446498863217
1305504000,6.9899,8.5,5.5772,6.6901,2.6091614433613914,2.186152611218408
1306108800,6.6901,9.33,6.68999,8.4299,3.0287968246226527,2.6091614433613914
1306713600,8.4483,18.998,8.1,16.7,3.444072215045128,3.0287968246226527
1307318400,16.7,31.9099,10.25,18.5464,3.8554151380284685,3.444072215045128
1307923200,18.5479,24.5,13,17.51,3.4278045714349896,3.8554151380284685
1309132800,16.45001,18,15,15.44049,2.7639946227469374,3.4278045714349896
1309737600,15.4407,16.5,11,14.9,2.0576259212849966,2.7639946227469374
1310342400,14.9,15.1999,13.021,13.16,1.5299456272022627,2.0576259212849966
1310947200,13.16,14.7,12.51,13.98001,1.0816812887495937,1.5299456272022627
1311552000,13.98001,14.8999,12.82922,13.35,0.7396399806546236,1.0816812887495937
1312156800,13.3503,13.5501,5.742,7.9,0.253381463237753,0.7396399806546236
1312761600,7.9,12.1,7.055,10.7957,-0.30611465954284756,0.253381463237753
1313366400,10.7921,11.89,10.661,11.31125,-0.7099988330252813,-0.30611465954284756
1313971200,11.31125,11.501,7.642,9.07011,-1.1636082371602803,-0.7099988330252813
1314576000,9.07021,9.27027,7.85,8.17798,-1.6223684263372156,-1.1636082371602803
1315180800,8.12796,8.19142,4.18,5.86435,-2.0721648711029106,-1.6223684263372156
1315785600,5.94,6.58212,4.44,5.2,-2.510379182629765,-2.0721648711029106
1316390400,5.2021,6.795,4.9,5.33,-2.7637442435314217,-2.510379182629765
1316995200,5.32999,5.4,4.625,5.02701,-3.098676548350091,-2.7637442435314217
1317600000,5.02701,5.0399,3.7819,4.10288,-3.471677927264402,-3.098676548350091
1318204800,4.1,4.45,3.4,3.55701,-3.8619348863345535,-3.471677927264402
1318809600,3.55711,3.74,2.0401,3.17,-4.2596450967009005,-3.8619348863345535
1319414400,3.127,3.82717,2.44034,3.27,-4.120007258675585,-4.2596450967009005
1320019200,3.275,3.35,2.85,2.95959,-3.90204990361669,-4.120007258675585
1320624000,2.95913,3.21,2.80011,2.99686,-3.7258218886049868,-3.90204990361669
1321228800,2.99573,2.99573,1.994,2.2,-3.842665814585323,-3.7258218886049868
1321833600,2.2,2.56,2.17,2.47991,-4.104463655203716,-3.842665814585323
1322438400,2.47991,3.14,2.44,2.82809,-3.4159307650613826,-4.104463655203716
1323043200,2.82806,3.38,2.7807,3.2511,-2.550192621942093,-3.4159307650613826
1323648000,3.25001,3.2901,2.99401,3.193,-1.774346442615204,-2.550192621942093
1324252800,3.193,4.5,3.18933,4.225,-0.8663934687891075,-1.774346442615204
1324857600,4.225,5.4999,3.81,5.26766,-0.07466461459820872,-0.8663934687891075
1325462400,5.26346,7.22,4.65,7.11358,0.59612272839299,-0.07466461459820872
1326067200,7.08362,7.191,5.81,7.00177,1.1762005543701914,0.59612272839299
1326672000,7.00177,7.18888,4.64,6.3097,1.473560138867199,1.1762005543701914
1327276800,6.3096,6.39397,5.05,5.3809,1.5675335031456363,1.473560138867199
1327881600,5.38,6.2,5.36694,5.68881,1.5741906921834516,1.5675335031456363
1328486400,5.659,6,5.3,5.51468,1.4915227957684687,1.5741906921834516
1329091200,5.51468,5.72,3.878,4.38669,1.1723021248831829,1.4915227957684687
1329696000,4.36102,5.19778,4.212,4.922,0.7407712091892322,1.1723021248831829
1330300800,4.922,5,4.51,4.82001,0.17655130701527488,0.7407712091892322
1330905600,4.82003,5.07,4.753,4.91,-0.31450347107011684,0.17655130701527488
1331510400,4.90891,5.45,4.8561,5.27943,-0.6066816075393338,-0.31450347107011684
1332115200,5.2553,5.3099,4.3,4.55001,-0.9329162067047526,-0.6066816075393338
1332720000,4.55001,4.95,4.49,4.827,-1.3229639347710678,-0.9329162067047526
1333324800,4.78207,5.08,4.62,4.79252,-1.5416199346770663,-1.3229639347710678
1333929600,4.7899,5.03,4.73001,4.96892,-1.6018964119348826,-1.5416199346770663
1334534400,4.969,5.48,4.90988,5.20352,-0.9279359201801761,-1.6018964119348826
1335139200,5.20406,5.21799,4.84634,4.90441,-0.43781494817608757,-0.9279359201801761
1335744000,4.9138,5.184,4.87003,5.04991,-0.10424592825749537,-0.43781494817608757
1336348800,5.05,5.125,4.801,4.92996,0.03224976215376073,-0.10424592825749537
1336953600,4.95089,5.15,4.9,5.09002,0.16750980553889533,0.03224976215376073
1337558400,5.1,5.165,5.04951,5.13896,0.40298292058488383,0.16750980553889533
1338163200,5.13,5.279,5.015,5.2051,0.7119238936267631,0.40298292058488383
1338768000,5.21999,5.66,5.18001,5.46829,1.1228032702990842,0.7119238936267631
1339372800,5.46829,6.599,5.4324,6.16382,1.56286874761935,1.1228032702990842
1339977600,6.2,6.8,6.03,6.35002,2.004923681350385,1.56286874761935
1340582400,6.35002,6.694,6.21748,6.62898,2.440271298659833,2.004923681350385
1341187200,6.6001,6.87,6.4,6.79898,2.8674013088402934,2.440271298659833
1341792000,6.7915,7.9,6.74257,7.62101,3.2872870512891454,2.8674013088402934
1342396800,7.62277,9.7,7.3215,8.4096,3.7015026155275668,3.2872870512891454
1343001600,8.4321,9.2,7.75,8.71027,3.97009481765716,3.7015026155275668
1343606400,8.71027,11.3,8.7,10.86998,4.307004429740049,3.97009481765716
1344211200,10.86987,12,10.63539,11.62399,4.677282800088052,4.307004429740049
1344816000,11.6239,15.4,7.58,8,6.138842567294226,4.677282800088052
1345420800,7.99999,10.62611,7.81011,10.61,3.9443554421251354,6.138842567294226
1346025600,10.59,12.14999,9.66,10.2041,2.8900712010968608,3.9443554421251354
1346630400,10.21,11.29,10.08889,11.02,2.3259023193490003,2.8900712010968608
1347235200,11.02,11.99,10.78,11.87,2.226367385382346,2.3259023193490003
1347840000,11.87,12.68666,11.6304,12.19331,2.3961319978992224,2.226367385382346
1348444800,12.151,12.49,11.95105,12.4,2.6937752560484087,2.3961319978992224
1349049600,12.35,13.0899,11.7,11.80001,3.0510534306924533,2.6937752560484087
1349654400,11.89901,12.35,10.621,11.7389,2.5412774280559987,3.0510534306924533
1350259200,11.57621,11.99,11.43,11.63107,2.1425547901659483,2.5412774280559987
1350864000,11.63108,12,9.74,10.69998,1.5991564550497832,2.1425547901659483
1351468800,10.69998,11.279,10.3209,10.80011,0.836476397099073,1.5991564550497832
1352073600,10.80011,11.21603,10.61,10.8687,0.19587235096189462,0.836476397099073
1352678400,10.84001,11.832,10.76666,11.65152,-0.17885983730171173,0.19587235096189462
1353283200,11.66468,12.6,11.57297,12.4821,-0.0679251725850482,-0.17885983730171173
1353888000,12.48211,12.68778,11.89,12.50004,0.2761275141477453,-0.0679251725850482
1354492800,12.50202,12.50202,12.50004,12.50004,0.7300850311173931,0.2761275141477453
1355097600,13.388,13.90119,13,13.30002,1.2054087723296998,0.7300850311173931
1355702400,13.3,13.72,12.74919,13.31202,1.5440478140039051,1.2054087723296998
1356307200,13.3718,13.67,13.14,13.45001,1.9038961955779066,1.5440478140039051
1356912000,13.39112,13.561,13.16123,13.45395,2.2136456032345255,1.9038961955779066
1357516800,13.51394,14.34999,13.404,14.11601,2.5818179033170834,2.2136456032345255
1358121600,14.19,15.985,13.99178,15.7,2.974705237732776,2.5818179033170834
1358726400,15.7,19.18999,15.38613,17.81821,3.3770435456211407,2.974705237732776
1359331200,17.81821,21.43,17.75,20.59,3.782205428012323,3.3770435456211407
1359936000,20.59999,24.11,19.85502,23.96975,4.187524619870818,3.782205428012323
1360540800,23.96975,27.5969,21.721,26.8146,4.5920906792312195,4.187524619870818
1361145600,26.89999,31.3,26.36268,29.88999,6.09624650686581,4.5920906792312195
1361750400,29.89,34.9,29.55,34.49999,6.848324420683104,6.09624650686581
1362355200,34.49999,49.099,33.3,46,7.224363377591752,6.848324420683104
1362960000,46,48.469,36.65,47.4,7.412382856046076,7.224363377591752
1363564800,47.4,74.9,47.12009,71.5,7.506392595273238,7.412382856046076
1364169600,71.50001,95.7,69.51777,93.03001,7.553397464886819,7.506392595273238
1364774400,93.25,164.9,92.2361,162.30102,7.576899899693609,7.553397464886819
1365379200,163.83899,266,54.25,89.99999,7.588651117097005,7.576899899693609
1365984000,90,136.4321,50.01,119.2,4.611207700052582,7.588651117097005
1366588800,118.5,166.43438,118.5,134.44444,3.158142525363448,4.611207700052582
1367193600,134.4,149.08,79,115.98,2.20622902606158,3.158142525363448
1367798400,115.9372,124.9,97.52,114.82002,1.564384131676537,2.20622902606158
1368403200,114.82,125.5555,103.01847,122.5,1.1608250270226996,1.564384131676537
1369008000,122.5,136,120.1,133.5,0.9557286000266297,1.1608250270226996
1369612800,133.5,135.47,115,122.5,0.7582024811635586,0.9557286000266297
1370217600,122.49962,123.99,88,100.43743,0.3581678653773273,0.7582024811635586
1370822400,101,112.25,95,99.9,-0.06716513787726647,0.3581678653773273
1371427200,99.9,115.005,98.9,108.2,-0.3515867480212934,-0.06716513787726647
1372032000,107.60002,109.98,92.25,97.51,-0.7745437812396814,-0.3515867480212934
1372636800,97.50888,98.1801,65.42448,76.5,-1.233753783258327,-0.7745437812396814
1373241600,76.5,104.17188,72.46,94.41986,-1.4818791192608547,-1.233753783258327
1373846400,94.33999,101.94,86.2,91.998,-1.4710635521417896,-1.4818791192608547
1374451200,91.98,100.5771,89.8,98.78002,-1.3632363296601162,-1.4710635521417896
1375056000,98.78009,111.65202,98.45,105.12,-1.04654797628663,-1.3632363296601162
1375660800,105.12,107.77,100.95969,105,-0.49537061947581323,-1.04654797628663
1376265600,105,115,103.5,113.38,0.11626680831671474,-0.49537061947581323
1376870400,113.395,125,111.771,122.11102,0.6962599248170257,0.11626680831671474
1377475200,122.111,148.7,119.91611,146.01003,1.230545000754311,0.6962599248170257
1378080000,146.01005,148.90893,121.25,126.31501,1.7254076877131204,1.230545000754311
1378684800,126.31502,145.9,124,138.3002,2.1832778429578523,1.7254076877131204
1379289600,138.4,142.23,131,134.00001,2.6240766119621455,2.1832778429578523
1379894400,134.9,145.81,132,143.88402,3.052354952340872,2.6240766119621455
1380499200,143.89402,145.81,109.7,137.8,2.492129586820157,3.052354952340872
1381104000,137.01002,147.65,135.12,147.53,2.4356057649168896,2.492129586820157
1381708800,147.53,195.83267,144.20004,186.12,2.6226385359319675,2.4356057649168896
1382313600,186.12,233.4,175.30001,207.0001,2.9262333375820644,2.6226385359319675
1382918400,207.5,226.959,200.42,224.01001,3.284755381969332,2.9262333375820644
1383523200,224.7,395,222,336.33101,3.6685541169602303,3.284755381969332
1384128000,341.0302,536.777,321.41,528.31991,4.063552010056387,3.6685541169602303
1384732800,528,900.97998,453.29,795,4.46319665737101,4.063552010056387
1385337600,795.00166,1242,758.95852,1004.42392,4.864531342401669,4.46319665737101
1385942400,1005,1240,576,804.00001,4.042379785803465,4.864531342401669
1386547200,810.98,1067.99999,787.75,920,3.4565027340227594,4.042379785803465
1387152000,916,925,455,629,2.559961393877151,3.4565027340227594
1387756800,629,764,617.61,728.3,1.8698616766455367,2.559961393877151
1388361600,726.38,939.8,710.02,910,1.5358398907082962,1.8698616766455367
1388966400,909.71,995,765,827.24,1.4233961756457467,1.5358398907082962
1389571200,827.24,850.25,765.03,835.9,1.2513640986623868,1.4233961756457467
1390176000,836,844.99,767.23,812.5,0.8954320492198662,1.2513640986623868
1390780800,812.7,829,726.5,814,0.4807349881676956,0.8954320492198662
1391385600,812.05,829,620,694,0.024932503698118086,0.4807349881676956
1391990400,693.5,721.35,450.13,625,-0.5003660683379165,0.024932503698118086
1392595200,625,664,530,607,-0.9769520029632858,-0.5003660683379165
1393200000,606.9999,609,400,565.37191,-1.4526360363011432,-0.9769520029632858
1393804800,566,719.25,563,638.5,-1.4036238147809137,-1.4526360363011432
1394409600,638.52,654,606,633,-1.2572122725490051,-1.4036238147809137
1395014400,632,632.5,550.09,558,-1.1503981423566656,-1.2572122725490051
1395619200,557.8884,593.25,436.2,460.9999,-1.3143137174931638,-1.1503981423566656
1396224000,460.6,513.9,415.46,458.78,-1.6327885453883462,-1.3143137174931638
1396828800,458.5,461,340,418,-2.0151772312547713,-1.6327885453883462
1397433600,417.6,547,406.4,500.9501,-1.8353903973790817,-2.0151772312547713
1398038400,501.3551,515.646,427.55,429.99,-1.5955380860386872,-1.8353903973790817
1398643200,429.99,463.53,423.11,435.0413,-1.5033972566168212,-1.5955380860386872
1399248000,438.587999,459.65,419.4,437.97,-1.4935655935159133,-1.5033972566168212
1399852800,437.45,453,431.8,447.4,-1.4911648236440438,-1.4935655935159133
1400457600,447.6,586,444.1,573.99,-1.1190759452783767,-1.4911648236440438
1401062400,574.55,680,551,626.42,-0.46850662160884726,-1.1190759452783767
1401667200,631.97,685,615,658.7,0.178517831370113,-0.46850662160884726
1402272000,658.7,672,522.15,593.89,0.5762807013174694,0.178517831370113
1402876800,593.61,619.6,582.1,603.4,0.809328262181441,0.5762807013174694
1403481600,603.39,607.21,560.53,601.95,0.8810006282351175,0.809328262181441
1404086400,601.5,665,598.4,637.38,1.0874749027218191,0.8810006282351175
1404691200,637.76,642.79,608.43,629.49,1.2937738127559721,1.0874749027218191
1405296000,629.6,633.6,611.21,624,1.453711029587612,1.2937738127559721
1405900800,624,624.95,589,591.55,1.3699852395770187,1.453711029587612
1406505600,591.5,605.72,561.47,585.71,0.7349420604358772,1.3699852395770187
1407110400,587,598.88,574.01,588.61,0.09250948027364037,0.7349420604358772
1407715200,587.97,588.7,451,497.4,-0.5160936791513888,0.09250948027364037
1408320000,497.57,534.89,443,510.82,-1.0715366530050532,-0.5160936791513888
1408924800,511.41,522.8,471.65,477.81,-1.4898633444146667,-1.0715366530050532
1409529600,477.84,497.24,468.82,479.88,-1.9231627145640415,-1.4898633444146667
1410134400,479.88,489.99,463,476.5,-2.355446275523974,-1.9231627145640415
1410739200,477.12,480.3,381.5,399.21,-2.781882573615502,-2.355446275523974
1411344000,400.03,447.11,365,376.7,-3.2019654531767507,-2.781882573615502
1411948800,375.93,398.7,275,319.9,-3.616636439907063,-3.2019654531767507
1412553600,319.9,387.13,301,378.05,-3.7238778293568577,-3.616636439907063
1413158400,378.05,414.42,368.24,388.02,-2.8948498145251405,-3.7238778293568577
1413763200,388.08,394,337.65,353.01,-2.37627351254482,-2.8948498145251405
1414368000,353.07,359.47,315.54,323.82,-2.3341900176065318,-2.37627351254482
1414972800,323.8,364.12,321,362.61,-2.427718293389825,-2.3341900176065318
1415577600,362.6,475,356.33,391.65,-1.800987346471028,-2.427718293389825
1416182400,391.8,413.48,340,368.25,-1.328572240426102,-1.800987346471028
1416787200,368,396.87,355.51,379.89,-0.9422869785088273,-1.328572240426102
1417392000,379.67,387.99,366.1,376.02,-0.6479753765411751,-0.9422869785088273
1417996800,376.29,378.34,335.7,353.65,-0.6143506114272217,-0.6479753765411751
1418601600,353.7,354.6,302.32,320.79,-0.8824932688899274,-0.6143506114272217
1419206400,321.19,337.79,310,316.94,-1.2664652143137372,-0.8824932688899274
1419811200,316.96,322.9,255.03,264.19,-1.6894015430782852,-1.2664652143137372
1420416000,264.04,303.33,263.75,267.27,-2.1206780299778387,-1.6894015430782852
1421020800,267.54,274.44,166.45,211.03,-2.5492508199102235,-2.1206780299778387
1421625600,210.98,259.39,203.7,254.73,-2.6884885536680008,-2.5492508199102235
1422230400,254.72,315,211.02,226.92,-2.3076138481708908,-2.6884885536680008
1422835200,226.86,248.42,210.12,223.85,-2.231861373250888,-2.3076138481708908
1423440000,224.13,268.54,214,235.88,-2.112909102701808,-2.231861373250888
1424044800,235.34,248.98,228.62,236.5,-1.979345203034514,-2.112909102701808
1424649600,236.5,266.91,232.61,262.4,-1.7314851001199478,-1.979345203034514
1425254400,262.47,294,258.98,275.59,-1.0814491084278164,-1.7314851001199478
1425859200,275.58,303.96,275.01,286.9,-0.3507960975083896,-1.0814491084278164
1426464000,286.71,295.2,246.98,268.82,0.11216844710117418,-0.3507960975083896
1427068800,268.6,271.5,235.7,242.74,0.18093191847479326,0.11216844710117418
1427673600,242.9,261.25,236.24,260.5,0.057129760029304075,0.18093191847479326
1428278400,260.75,262.45,230.75,236.38,-0.1352628758382226,0.057129760029304075
1428883200,236.21,237.7,216.37,222.16,-0.538366469861683,-0.1352628758382226
1429488000,222.28,238.99,213.92,219.7,-1.0006982095063646,-0.538366469861683
1430092800,219.73,243.73,218.24,240.57,-1.368904911091727,-1.0006982095063646
1430697600,240.69,249.22,226.42,240.73,-1.5143543346042212,-1.368904911091727
1431302400,240.8,245.49,232.1,236.15,-1.5441117221572829,-1.5143543346042212
1431907200,236.25,242.98,229,240.96,-1.5117791506735037,-1.5441117221572829
1432512000,240.92,241.12,227,228.7,-1.3982553750840676,-1.5117791506735037
1433116800,228.38,230.89,219.71,223.26,-1.5854258901651033,-1.3982553750840676
1433721600,223.29,235.44,223.25,233.54,-1.6219525955832408,-1.5854258901651033
1434326400,233.5,259.1,233.35,244.25,-0.9372890482971706,-1.6219525955832408
1434931200,244.25,252.06,239,248.71,-0.2408899735794152,-0.9372890482971706
1435536000,248.71,275.88,248.57,271.96,0.40255317215172304,-0.2408899735794152
1436140800,271.82,316.23,262.61,311.14,0.9793632996988303,0.40255317215172304
1436745600,311.14,312,272,275.04,1.5016545524781202,0.9793632996988303
1437350400,275.04,294.57,273.5,293.01,1.758487086934338,1.5016545524781202
1437955200,293,298.93,276.26,282.44,1.974595389157278,1.758487086934338
1438560000,282.44,287.05,260.62,265.58,1.8266538689641039,1.974595389157278
1439164800,265.69,273.75,256.5,259.9,1.4708879633020455,1.8266538689641039
1439769600,259.9,262.37,162,228.53,0.7445751708501575,1.4708879633020455
1440374400,228.1,238.9,196.6,229.99,0.08692106409412542,0.7445751708501575
1440979200,229.99,248.48,225.31,240.97,-0.2791209844458039,0.08692106409412542
1441584000,241,247.68,228.95,230.96,-0.4743973019432914,-0.2791209844458039
1442188800,231.11,236.26,227.33,232.12,-0.642128027231473,-0.4743973019432914
1442793600,232.11,237.7,224.25,233.37,-0.7723230828860972,-0.642128027231473
1443398400,233.37,241.5,233.37,239.5,-0.8007638817876466,-0.7723230828860972
1444003200,239.47,249.01,236.24,247.99,-0.6740254750129873,-0.8007638817876466
1444608000,247.92,275.19,244,265.01,-0.25466727909146486,-0.6740254750129873
1445212800,265.29,295.99,262.35,284.79,0.2786382247673267,-0.25466727909146486
1445817600,284.7,336,282.25,330.23,0.8138945623379886,0.2786382247673267
1446422400,330.23,504,326.8,374.1,1.32283804182272,0.8138945623379886
1447027200,374.52,388.99,300.28,320.52,1.2968768169387361,1.32283804182272
1447632000,320.8,342.5,309.46,324.66,1.055998177868712,1.2968768169387361
1448236800,324.66,376,315.55,373.89,0.8817759932945106,1.055998177868712
1448841600,373.84,407.57,346.13,390.6,0.8820976787249315,0.8817759932945106
1449446400,390.88,475.04,384.53,433.36,1.146494929054907,0.8820976787249315
1450051200,432.91,469.99,427.3,442.62,1.517642173560883,1.146494929054907
1450656000,442.62,460.05,405.5,422.32,1.7601305831701262,1.517642173560883
1451260800,421.82,436.49,412.5,428.39,1.8011168544419471,1.7601305831701262
1451865600,428.63,465,425.03,449.35,1.9913121375174785,1.8011168544419471
1452470400,449.34,452.49,352.5,382.02,1.7138383755657514,1.9913121375174785
1453075200,382.11,428,371.25,402.77,1.378373304205053,1.7138383755657514
1453680000,402.76,402.77,360.03,365.52,0.912186697661988,1.378373304205053
1454284800,365.58,393.89,363.23,372.01,0.287207181340453,0.912186697661988
1454889600,372.26,408.66,369.01,408.3,-0.21652691250607697,0.287207181340453
1455494400,408.3,451.6,395.23,440.49,-0.24813325790241675,-0.21652691250607697
1456099200,440.49,442.67,409.69,434.45,-0.07419212647428716,-0.24813325790241675
1456704000,434.46,445,389,403.75,0.04826702805434013,-0.07419212647428716
1457308800,403.77,423.6,401.51,411.87,0.08890113212055144,0.04826702805434013
1457913600,412,420.6,403.01,411.25,0.22034252311024366,0.08890113212055144
1458518400,410.81,431,406,427.36,0.464495006742749,0.22034252311024366
1459123200,427.34,427.99,406.51,420.6,0.6972710402572202,0.464495006742749
1459728000,420.99,425,412,421.32,0.9173995651013519,0.6972710402572202
1460332800,421.32,435.67,418.8,428.51,1.2779878101855449,0.9173995651013519
1460937600,428.51,464.99,426.52,463.02,1.689587577512008,1.2779878101855449
1461542400,463.33,471.99,435,451.11,2.1154109304901794,1.689587577512008
1462147200,451.12,466,436,459.87,2.361347312255754,2.1154109304901794
1462752000,459.88,465.4,445.01,457.89,2.6965748300542125,2.361347312255754
1463356800,457.95,458.95,433,437.48,2.441321898345053,2.6965748300542125
1463961600,437.4,570,436.51,531,2.532137785446791,2.441321898345053
1464566400,529.97,593.89,518,574.02,2.789620356942722,2.532137785446791
1465171200,574.01,685,561.3,672,3.1263765371030683,2.789620356942722
1465776000,671.98,789.78,656.51,767.3,3.50013655774817,3.1263765371030683
1466380800,767.31,767.77,555.56,639.4175,2.926882764619643,3.50013655774817
1466985600,632.50975,704.3075,624.1025,659.085,2.421409758592752,2.926882764619643
1467590400,659.7,682.665,609.87225,650.315,1.9773914570525213,2.421409758592752
1468195200,650.9325,684.435,644.43375,680.4525,1.717521991759158,1.9773914570525213
1468800000,680.0625,683.965,645.30375,662.4515,1.5639422492018715,1.717521991759158
1469404800,661.565,663.69625,619.6275,624.22,1.3213944378575677,1.5639422492018715
1470009600,624.125,628.249,470.91,594.2525,0.6607065980583668,1.3213944378575677
1470614400,594.3775,601.7725,562.2075,571.5025,0.1205799152398071,0.6607065980583668
1471219200,571.4975,583.7725,559.56475,580.055,-0.34507040904434294,0.1205799152398071
1471824000,580.01,588.46575,566.51025,574.41075,-0.629415772102563,-0.34507040904434294
1472428800,575.1475,613.675,568.329,608.2625,-0.7134065852634592,-0.629415772102563
1473033600,609.40725,630.665,593.3805,607.069,-0.5862734136805708,-0.7134065852634592
1473638400,607.26975,612.56375,604.01075,610.09475,-0.4385479193898181,-0.5862734136805708
1474243200,610.3325,611.7125,592.1705,600.1595,-0.34632883609854925,-0.4385479193898181
1474848000,600.152,616.19225,598.71,610.80925,-0.17304145191060089,-0.34632883609854925
1475452800,610.7945,619.613,607.24275,615.745,0.25639998702420197,-0.17304145191060089
1476057600,615.34775,642.86125,614.28475,640.9375,0.7482390186287678,0.25639998702420197
1476662400,640.54275,661.335,624.7885,651.99325,1.239997891764514,0.7482390186287678
1477267200,651.34,721.9625,644.24425,698.44925,1.7144958303141766,1.239997891764514
1477872000,698.2025,747,672.69175,713.39925,2.1701349419005243,1.7144958303141766
1478476800,713.2775,743.2425,684.67925,702.0125,2.609996181440861,2.1701349419005243
1479081600,702.34475,756.495,696.59275,729.02925,3.037920470875643,2.609996181440861
1479686400,729.2925,750.7635,724.6975,728.71,3.4572506878230818,3.037920470875643
1480291200,728.69875,779.274,726.5025,766.17,3.870561998941178,3.4572506878230818
1480896000,766.1575,776.41375,745.3145,770.61025,4.279726486433741,3.870561998941178
1481500800,770.52125,792.245,769.03025,790.95525,4.686062700579432,4.279726486433741
1482105600,790.16025,921.225,787.9025,895.14225,6.143232517539916,4.686062700579432
1482710400,895.0725,1004.635,890.795,996.34775,6.871817426020158,6.143232517539916
1483315200,997.19425,1158.945,809.835,915.99975,7.236109880260279,6.871817426020158
1483920000,914.73525,922.7475,748.49525,827.50975,4.36990339904311,7.236109880260279
1484524800,827.24275,941.0775,822.19875,926.2425,2.7253339821542824,4.36990339904311
1485129600,925.8625,928.8725,881.5165,914.968,1.8455983344829567,2.7253339821542824
1485734400,915.325,1044.20525,912.925,1014.2965,1.6380318542808063,1.8455983344829567
1486339200,1013.4025,1078.3975,931.739,1004.87925,1.7724747125574773,1.6380318542808063
1486944000,1004.88075,1070.4535,983.1975,1055.5025,2.063861877323199,1.7724747125574773
1487548800,1055.4995,1217.57325,1047.31775,1178.2475,2.4252077367411555,2.063861877323199
1488153600,1178.6,1293.585,1160.45225,1273.486,2.8161869006286175,2.4252077367411555
1488758400,1272.6525,1336.4955,969.965,1229.79725,2.5755380641040766,2.8161869006286175
1489363200,1229.62975,1263.815,934.00025,1016.50675,2.090719604149101,2.5755380641040766
1489968000,1012.5125,1118.074,888.84775,965.52375,1.409440247549436,2.090719604149101
1490572800,964.7975,1112.77625,955.56325,1101.72725,0.8745356259264075,1.409440247549436
1491177600,1101.12275,1218.84,1100.77525,1209.5625,0.7078362527091976,0.8745356259264075
1491782400,1208.9825,1232.5605,1101.26425,1174.827,0.6962233614893472,0.7078362527091976
1492387200,1174.736,1255.5,1170.4775,1246.07,0.9099874948079432,0.6962233614893472
1492992000,1246.515,1366.5875,1238.65425,1362.02675,1.26805672074595,0.9099874948079432
1493596800,1360.16525,1639.1525,1347.69,1567.7285,1.678774195006758,1.26805672074595
1494201600,1568.2035,1887.904,1562.633,1791.51,2.104384558293421,1.678774195006758
1494806400,1791.0425,2088.01675,1683.3425,2027.914,2.5304025378812196,2.104384558293421
1495411200,2026.94175,2766.83425,1871.6825,2194.89325,2.9521582940576065,2.5304025378812196
1496016000,2192.41325,2590.45075,2113.20025,2523.05775,3.36889537178142,2.9521582940576065
1496620800,2523.6295,2964.112,2519.335,2959.51975,3.7812333349234,3.36889537178142
1497225600,2959.5215,2975.7475,2076.18475,2512.4655,3.310878615479494,3.7812333349234
1497830400,2513.206,2778.4875,2424.8675,2498.21975,2.970721558825087,3.310878615479494
1498435200,2498.899,2598.565,2264.655,2508.61025,2.500141060816645,2.970721558825087
1499040000,2507.23275,2638.635,2466.22025,2502.82275,2.2101139970523143,2.500141060816645
1499644800,2503.035,2523.43875,1799.3,1910.16225,1.592073868502638,2.2101139970523143
1500249600,1909.64,2944.9775,1905.6255,2756.4875,1.2063975027470595,1.592073868502638
1500854400,2758.61,2830.9035,2404.6555,2753.8375,1.087307497444112,1.2063975027470595
1501459200,2754.68475,3339.1875,2632.8575,3224.683,1.2870352594143277,1.087307497444112
1502064000,3223.681,4199.2975,3186.7875,4061.17,1.6231187386024013,1.2870352594143277
1502668800,4061.17,4475.5,3812.4975,4059.4735,2.014134628749508,1.6231187386024013
1503273600,4058.90275,4462.2225,3600.8675,4339.2825,2.2691558516822656,2.014134628749508
1503878400,4338.187,4977.475,4189.9045,4621.195,2.609953982632095,2.2691558516822656
1504483200,4620.55,4683.76,4086.6375,4252.04,2.6777324224797465,2.609953982632095
1505088000,4252.0875,4381.0175,2974.3825,3704.605,2.1537800519022654,2.6777324224797465
1505692800,3704.5475,4125.9075,3514.9325,3668.48,1.691037774769145,2.1537800519022654
1506297600,3668.5025,4391.0525,3665.845,4386.1175,1.4083975164503655,1.691037774769145
1506902400,4385.195,4612.025,4146.9675,4598.9925,1.3779178692989866,1.4083975164503655
1507507200,4599.5925,5859.43,4551.75,5687.0025,1.604060948344466,1.3779178692989866
1508112000,5686.3575,6181.9725,5104.475,5986.655,1.9431575958866203,1.604060948344466
1508716800,5982.465,6280.1925,5379.4275,6135.035,2.329506256590986,1.9431575958866203
1509321600,6135.395,7596.1975,6027.52,7384.79,2.733716432296973,2.329506256590986
1509926400,7383.5975,7881.0075,5495.165,5871.5225,2.9444968052033804,2.733716432296973
1510531200,5861.4375,8071.2425,5824,8023.845,3.257110151892329,2.9444968052033804
1511136000,8023.8475,9456.4,7787.0975,9288.17,3.6182811473773118,3.257110151892329
1511740800,9290.1525,11834.5025,9082.85,11251.5775,4.002180771332511,3.6182811473773118
1512345600,11253.3025,17330.155,10914.075,15037.4975,4.396419314615336,4.002180771332511
1512950400,15037.47,19804.2475,14987.5725,19128.2725,4.795146147766838,4.396419314615336
1513555200,19128.3225,19302.2525,10843.9825,14059.955,3.699278310413214,4.795146147766838
1514160000,14047.4525,16506.43,12290.96,13888.3225,2.7926820550016256,3.699278310413214
1514764800,13888.35,17222.6125,12900.97,16144.1975,2.2248322418237825,2.7926820550016256
1515369600,16153.8125,16238.775,12814.5025,13660.4225,1.8189866495328313,2.2248322418237825
1515974400,13660.3975,14342.38,9144.25,11541.66,1.310307202385954,1.8189866495328313
1516579200,11533.6325,11898.32,9953.385,11621.1475,0.7538214637732966,1.310307202385954
1517184000,11618.87,11699.0775,7593.5625,8163.0125,0.10639331591233075,0.7538214637732966
1517788800,8164.595,9082.45,5893.765,8067.4975,-0.505421134352255,0.10639331591233075
1518393600,8072.7625,11294.475,8067.6425,10408.5275,-0.8339637418612205,-0.505421134352255
1518998400,10413.595,11773.775,9296.2125,9590.7575,-0.8594337822040258,-0.8339637418612205
1519603200,9592.1075,11509.25,9391.51,11478.115,-0.7955689613600718,-0.8594337822040258
1520208000,11479.9675,11662.5375,8376.5,9531.515,-0.7565691505787088,-0.7955689613600718
1520812800,9534.0825,9894.975,7314.8425,8190.1825,-0.8703496328667731,-0.7565691505787088
1521417600,8194.5075,9182.975,8101.545,8452.075,-0.9279400012902312,-0.8703496328667731
1522022400,8453.6575,8498.3575,6442.2625,6812.6375,-1.2150513139494814,-0.9279400012902312
1522627200,6815.535,7514.135,6511.6675,7021.1225,-1.5942957588024238,-1.2150513139494814
1523232000,7026.335,8411.2475,6612.285,8357.55,-1.7543497015257112,-1.5942957588024238
1523836800,8360.46,9043.8175,7812.28,8799.1925,-1.51386981863069,-1.7543497015257112
1524441600,8793,9757.9425,8630.5725,9396.8725,-1.0644895612440868,-1.51386981863069
1525046400,9396.505,9949.775,8823.3,9607.08,-0.606440919245531,-1.0644895612440868
1525651200,9606.715,9624.7525,8219.11,8691.595,-0.263758161011843,-0.606440919245531
1526256000,8693.46,8891.7075,7927.11,8517.3525,-0.04694435399336315,-0.263758161011843
1526860800,8520.1,8589.4975,7215.575,7342.2625,-0.04934119950322348,-0.04694435399336315
1527465600,7342.575,7784.65,7047.96,7709.2075,-0.2643153706146336,-0.04934119950322348
1528070400,7711.3325,7756.5175,6632.975,6772.345,-0.600667549432587,-0.2643153706146336
1528675200,6772.42,6911.7725,6125.01,6446.43,-1.029877838161084,-0.600667549432587
1529280000,6448.17,6839.0425,5743.85,6150.87,-1.4816758321422063,-1.029877838161084
1529884800,6149.29,6521.69,5784.4,6347.705,-1.9311279090243734,-1.4816758321422063
1530489600,6346.33,6837.65,6270.845,6703.5375,-2.0772488662470856,-1.9311279090243734
1531094400,6702.955,6807.3775,6073.8275,6345.355,-2.1388422313822257,-2.0772488662470856
1531699200,6349.0475,7682.6725,6331.6,7398.9675,-1.7888572532765794,-2.1388422313822257
1532304000,7397.8875,8489.015,7375.7025,8215.66,-0.9777158158391069,-1.7888572532765794
1532908800,8214.5025,8279.9475,6884.995,7030.395,-0.3432958229382598,-0.9777158158391069
1533513600,7028.605,7166.2075,5995.65,6314.31,-0.24622758635902525,-0.3432958229382598
1534118400,6313.935,6634.1475,5889,6484.53,-0.47677606720521104,-0.24622758635902525
1534723200,6485.1425,6903.49,6226.955,6706.6875,-0.6675924490169476,-0.47677606720521104
1535328000,6704.3025,7331.395,6649.35,7291.145,-0.6329414396444069,-0.6675924490169476
1535932800,7293.19,7407.38,6174.7175,6289.405,-0.6431123792011595,-0.6329414396444069
1536537600,6275.6375,6556.87,6224.24,6487.8875,-0.858188186286264,-0.6431123792011595
1537142400,6473.68,6736.59,6176.1775,6638.72,-1.094026226885542,-0.858188186286264
1537747200,6624.075,6708.9725,6339.925,6565.645,-1.2653119502815913,-1.094026226885542
1538352000,6550.5825,6602.4075,6397.16,6572.825,-1.363527768276573,-1.2653119502815913
1538956800,6572.1375,6670.28,6051.4775,6182.4575,-1.4708312022174663,-1.363527768276573
1539561600,6182.325,6788.75,6150.965,6412.975,-1.401136594298055,-1.4708312022174663
1540166400,6413.2125,6468.92,6355.14,6405.5225,-1.5048358577969145,-1.401136594298055
1540771200,6405.1675,6465.9925,6201.48,6422.5075,-1.7889088951222685,-1.5048358577969145
1541376000,6425.5625,6544.225,6272.6775,6358.58,-1.8503139534076507,-1.7889088951222685
1541980800,6357.94,6384.7625,5198.475,5560.145,-2.1050702961765904,-1.8503139534076507
1542585600,5557.3375,5559.6325,3465.1275,3935.5125,-2.4480314182505665,-2.1050702961765904
1543190400,3934.365,4418.2775,3516.245,4102.0975,-2.8297740676119267,-2.4480314182505665
1543795200,4101.76,4117.88,3209.9275,3532.5225,-3.2274891070097746,-2.8297740676119267
1544400000,3531.07,3591.6675,3124.5125,3192.87,-3.6309623994448827,-3.2274891070097746
1545004800,3193.15,4175.0175,3183.1525,3944.385,-3.33502248788771,-3.6309623994448827
1545609600,3945.94,4238.61,3566.69,3831.0375,-2.827654816640826,-3.33502248788771
1546214400,3831.2325,4085.235,3624.6325,4040.9525,-2.440640611901822,-2.827654816640826
1546819200,4040.925,4113.205,3454.2175,3514.2175,-2.206128848673486,-2.440640611901822
1547424000,3515.37,3812.475,3473.4275,3534.25,-2.0968549142312654,-2.206128848673486
1548028800,3535.4675,3662.0075,3422.5425,3531.82,-1.9840385145978126,-2.0968549142312654
1548633600,3531.8075,3536.2175,3331.09,3415.1975,-1.9411180142186708,-1.9840385145978126
1549238400,3415.5825,3709.55,3334.485,3648.38,-1.7065270841503022,-1.9411180142186708
1549843200,3649.3475,3672.3025,3533.8025,3625.62,-1.3417313111657871,-1.7065270841503022
1550448000,3625.6925,4189.02,3616.5225,3732.395,-0.6443691042902806,-1.3417313111657871
1551052800,3733.3925,3901.195,3654.1475,3787.94,-0.1487196621409856,-0.6443691042902806
1551657600,3787.995,3948.115,3672.0725,3898.95562045,0.25137366301064457,-0.1487196621409856
1552262400,3899.7175,4039.2475,3780.2225,3965.74,0.7310245815333902,0.25137366301064457
1552867200,3965.7975,4058.8625,3905.785,3970.085,1.2179881849776304,0.7310245815333902
1553472000,3969.7925,4130.43,3855.625,4095.32,1.6908374596278617,1.2179881849776304
1554076800,4094.2825,5348.0025,4052.07,5193.965,2.146108906461468,1.6908374596278617
1554681600,5194.5225,5472.3,4909.4075,5161.725,2.5860742743791056,2.146108906461468
1555286400,5161.635,5360.6425,4946.7275,5296.6375,2.8989739645345374,2.5860742743791056
1555891200,5296.14,5641.495,4821.9125,5157.275,3.2622651826958426,2.8989739645345374
1556496000,5155.0925,5842.5525,5070.6625,5714.345,3.648525029695514,3.2622651826958426
1557100800,5716.1625,7583.4125,5565.1925,6976.065,4.044804015359583,3.648525029695514
1557705600,6970.955,8382.2375,6511.1025,8196.835,4.445122744376587,4.044804015359583
1558310400,8195.7525,8792.645,7469.0775,8737.8225,4.8468167952718755,4.445122744376587
1558915200,8737.1525,9093.925,7990.2,8739.8225,6.223609564886138,4.8468167952718755
1559520000,8737.2425,8745.0475,7431.4175,7638.2825,4.709819090197698,6.223609564886138
1560124800,7630.8825,9389.2075,7522.6825,8978.795,4.017334164647376,4.709819090197698
1560729600,8975.545,11254.715,8927.7925,10830.4725,3.877231881765101,4.017334164647376
1561334400,10826.6,13870.6275,10299.75,10754.915,4.011334847277061,3.877231881765101
1561939200,10756.975,12060.64,9646.02,11475.0375,3.285555884424083,4.011334847277061
1562544000,11478.405,13196.8325,10136.125,10299.7,2.9123404492382026,3.285555884424083
1563148800,10296.7475,11141.285,9073.385,10594.06,2.1820569968878525,2.9123404492382026
1563753600,10595.26,10690.0325,9112.6225,9530.3275,1.497123472061288,2.1820569968878525
1564358400,9536.545,11084.9425,9364.8125,10977.9675,1.037184484009865,1.497123472061288
1564963200,10980.5325,12326.6025,10979.3825,11530.865,0.9993046852537053,1.037184484009865
1565568000,11536.2775,11552.0775,9476.2725,10319.71,0.8578970587944319,0.9993046852537053
1566172800,10319.355,10954.37,9756.5875,10136.39,0.46647525209938434,0.8578970587944319
1566777600,10143.4875,10671.6025,9309.9575,9768.0175,-0.052096621631066875,0.46647525209938434
1567382400,9768.075,10951.85,9753.375,10403.6725,-0.3885450460734562,-0.052096621631066875
1567987200,10396.9375,10537.5575,9865.0025,10309.045,-0.6797400380524817,-0.3885450460734562
1568592000,10311.38,10379.8825,9603.04,10026.9475,-1.029818376616409,-0.6797400380524817
1569196800,10027.4225,10048.11,7723.61,8052.3225,-1.4449774315590211,-1.029818376616409
1569801600,8058.2875,8534.375,7694.05,7859.23,-1.8778403817916274,-1.4449774315590211
1570406400,7862.8675,8847.7775,7767.4025,8280.48,-2.1704138108484106,-1.8778403817916274
1571011200,8279.3375,8417.52,7815.45,8234.765,-2.527673180793796,-2.1704138108484106
1571616000,8235.9125,10520.2475,7291.8075,9549.05,-2.123217485128085,-2.527673180793796
1572220800,9559.325,9939.62,8955.9075,9205.705,-1.4889257103234588,-2.123217485128085
1572825600,9206.825,9596.625,8666.5075,9033.985,-1.054082525842261,-1.4889257103234588
1573430400,9035.32,9069.11,8366.9325,8500.63,-0.8812656899024802,-1.054082525842261
1574035200,8500.9325,8503.1525,6777.6175,6908.4475,-1.0703800940945214,-0.8812656899024802
1574640000,6906.5825,7867.225,6522.48,7403.8775,-1.4099378865258085,-1.0703800940945214
1575244800,7407.6975,7792.265,7081.72,7523.3275,-1.6349724960521526,-1.4099378865258085
1575849600,7520.8875,7660.845,7008.8775,7114.98,-1.8589942339598653,-1.6349724960521526
1576454400,7114.755,7525.115,6430.145,7511.47,-2.19138416281553,-1.8589942339598653
1577059200,7517.5525,7690.6175,7025.6275,7387.9625,-2.1912463019033543,-2.19138416281553
1577664000,7382.7925,7491.835,6857.05,7352.6925,-2.230476722392466,-2.1912463019033543
1578268800,7351.62,8465.065,7343.53,8178.0025,-1.7937423420599516,-2.230476722392466
1578873600,8180.7775,9187.0675,8029.4375,8700.1475,-1.0045786073257552,-1.7937423420599516
1579478400,8700.5775,8791.005,8217.7925,8590.48,-0.2827503072218204,-1.0045786073257552
1580083200,8596.5925,9569.5,8557.0475,9324.0225,0.37483883676906443,-0.2827503072218204
1580688000,9319.475,10177.09,9077.93,10167.7075,0.9594311163335921,0.37483883676906443
1581292800,10166.69,10514.2025,9617.6525,9922.8975,1.4860110634244523,0.9594311163335921
1581897600,9921.6375,10306.265,9307.4275,9968.39,1.8056209427603431,1.4860110634244523
1582502400,9970.12,10026.365,8406.2525,8527.415,1.7011958687905775,1.8056209427603431
1583107200,8521.375,9217.95,8000.2,8036.475,1.3250174576375984,1.7011958687905775
1583712000,8037.4375,8186.585,3880.5875,5343.135,0.6284769957496612,1.3250174576375984
1584316800,5346.805,7027.6625,4407.18,5824.085,-0.0543911092934824,0.6284769957496612
1584921600,5817.7525,6983.76,5686.91,5876.4525,-0.5405907087279181,-0.0543911092934824
1585526400,5878.2075,7267.625,5854.3525,6777.015,-0.8447172207094755,-0.5405907087279181
1586131200,6777.865,7469.58,6751.2875,6906.54,-0.9273522472459649,-0.8447172207094755
1586736000,6906.2925,7304.32,6469.8825,7130.2775,-0.9669831861017038,-0.9273522472459649
1587340800,7128.3575,7774.8625,6755.955,7703.1325,-0.8970923628192282,-0.9669831861017038
1587945600,7706.215,9481.3425,7634.8975,8908.385,-0.5050836674512488,-0.8970923628192282
1588550400,8913.4975,10078.3,8086.295,8726.06,0.04838459640309706,-0.5050836674512488
1589155200,8730.695,9946.5675,8189,9670.7075,0.6045158390914919,0.04838459640309706
1589760000,9681.9,9956.7475,8672.7825,8716.09,1.1320109369838076,0.6045158390914919
1590364800,8712.855,9754.3975,8636.7325,9448.95,1.5608606986760485,1.1320109369838076
1590969600,9446.96,10413.065,9241.5475,9752.5925,1.9975914400207793,1.5608606986760485
1591574400,9756.0075,10010.6675,9065.3425,9329.6975,2.17757162698587,1.9975914400207793
1592179200,9330.565,9591.99,8900.6275,9285.9675,2.070286464490676,2.17757162698587
1592784000,9287.1825,9789.2375,8820.86,9116.235,1.903315122678803,2.070286464490676
1593388800,9116.4575,9298.875,8909.995,9078.89,1.4034744298954047,1.903315122678803
1593993600,9078.75,9481.8975,9063.265,9302.385,0.8341399851986628,1.4034744298954047
1594598400,9303.9125,9351.015,9021.5525,9213.99,0.2773352435084636,0.8341399851986628
1595203200,9215.165,10184.4275,9131.4275,9942.845,0.22118963586665707,0.2773352435084636
1595808000,9942.1375,12123.25,9935.68,11066.14,0.5167046334125214,0.22118963586665707
1596412800,11071.575,11920.0825,10895.7775,11687.8175,0.933048090621226,0.5167046334125214
1597017600,11688.64,12087.03,11128.875,11918.0375,1.3825256411419686,0.933048090621226
1597622400,11920.0225,12479.03,11366,11650.9875,1.8332443452222553,1.3825256411419686
1598227200,11653.5025,11826.32,11113.87,11713.08,1.9373089056698243,1.8332443452222553
1598832000,11714.0825,12072.2525,9849.325,10258.09,1.694894509975805,1.9373089056698243
1599436800,10258.355,10579.535,9836.43,10335.125,1.1929156364575637,1.694894509975805
1600041600,10336.025,11180.7775,10252.8975,10921.11,0.8645580368456895,1.1929156364575637
1600646400,10920.915,10993.4575,10136.78,10777.975,0.542562889959679,0.8645580368456895
1601251200,10779.07,10952.065,10376.45,10673.18,0.19033779981985877,0.542562889959679
1601856000,10671.41,11496.96,10526.6975,11375.2725,0.02035176228133631,0.19033779981985877
1602460800,11375.1175,11730.81,11188.1575,11513.1325,0.11225342116395494,0.02035176228133631
1603065600,11513.305,13358.31,11415.9425,13042.115,0.47758160456133253,0.11225342116395494
1603670400,13042.86,14095.095,12785.0975,13768.1925,0.9268971598407766,0.47758160456133253
1604275200,13768.7125,15971.91,13219.33,15484.175,1.3918162788696227,0.9268971598407766
1604880000,15483.03,16492.71,14821.125,15969.7475,1.8496424765993584,1.3918162788696227
1605484800,15970.3225,18978.125,15880.955,18442.9925,2.29495013300844,1.8496424765993584
1606089600,18440.27,19499.825,16210.25,18197.3175,2.7283822399997044,2.29495013300844
1606694400,18201.185,19930.2625,17817.1475,19382.2675,3.1522762589276683,2.7283822399997044
1607299200,19379.3375,19432.1425,17575.405,19164.8025,3.2531171628437043,3.1522762589276683
1607904000,19160.14,24298.685,18987.4775,23478.995,3.509509454962571,3.2531171628437043
1608508800,23477.04,28378.285,21894.5975,26259.1225,3.8417490823102827,3.509509454962571
1609113600,26244.505,34789.25,25840.645,33096.3175,4.210640725580131,3.8417490823102827
1609718400,33087.9125,41993.84,27741.085,38173.345,4.597015320559647,4.210640725580131
1610323200,38170.4125,40117.0575,30228.2825,35822.635,6.098708827530023,4.597015320559647
1610928000,35821.3125,37881.4775,28876.7525,32291.01,4.727452045331997,6.098708827530023
1611532800,32293.7375,38619.21,29188.3475,33138.715,3.8712141063879573,4.727452045331997
1612137600,33128.5375,41002.87,32328.07,38868.57,3.651361881462931,3.8712141063879573
1612742400,38877.0325,49703.665,38060.915,48660.45,3.7469820665948825,3.651361881462931
1613347200,48652.725,58385.435,45805.93,57492.04,3.9985557166588177,3.7469820665948825
1613952000,57489.645,57579.39,43022.665,45238.64,3.7139763222065993,3.9985557166588177
1614556800,45247.535,52664.005,45039.19,50977.285,3.1489370407239594,3.7139763222065993
1615161600,50978.235,61769.97,49328.4025,58997.37,3.078957680698709,3.1489370407239594
1615766400,58976.94,60584.4475,53045.1725,57378.6275,3.25228265246305,3.078957680698709
1616371200,57389.9675,58433.005,50372.0775,55786.5525,3.0473414142375246,3.25228265246305
1616976000,55787.1175,60070.765,54900.1275,58210.9525,3.154635382834196,3.0473414142375246
1617580800,58211.5525,61207.0475,55437.9825,59975.28,3.4148033948007894,3.154635382834196
1618185600,59980.3525,64898.555,51120.145,56271.87,3.5660873923185004,3.4148033948007894
1618790400,56257.9175,57613.09,47012.0525,49123.22,2.400562759535219,3.5660873923185004
1619395200,49123.6625,58544.5525,48817.06,56625.7675,1.5940796023446848,2.400562759535219
1620000000,56617.0825,59551.37,52946.1525,58303.4025,1.2649242375293173,1.5940796023446848
1620604800,58324.56,59594.7475,43779.675,46456.4725,0.5948916762241578,1.2649242375293173
1621209600,46453.9,46645.2125,29641.5,34730.7875,-0.07389086486320728,0.5948916762241578
1621814400,34737.5725,40889.7,33397.8725,35676.71,-0.6814479114445414,-0.07389086486320728
1622419200,35670.66,39484.6825,34194.55,35803.195,-1.22898039461249,-0.6814479114445414
1623024000,35802.6825,39396.4125,31011.84,39026.525,-1.7301561107990406,-1.22898039461249
1623628800,39026.76,41346.485,33346.765,35592.295,-1.9864687124783889,-1.7301561107990406
1624233600,35593.3025,35749.11,28754.4,34690.9775,-2.332080804879833,-1.9864687124783889
1624838400,34706.3675,36650.9475,32706.545,35293.315,-2.4117777457088767,-2.332080804879833
1625443200,35283.9775,35287.76,32106.4,34251.9575,-2.490826376610995,-2.4117777457088767
1626048000,34265.07,34670.7275,31028.84,31784.15,-2.6410935957458737,-2.490826376610995
1626652800,31789.0925,35446.245,29292.725,35428.2675,-2.844413054030608,-2.6410935957458737
1627257600,35430.06,42604.7975,35263.77,39867.6725,-1.7091045617554004,-2.844413054030608
1627862400,39872.8,45363.41,37316.515,43842.615,-0.7106835955981327,-1.7091045617554004
1628467200,43835.855,48178.0075,42818.5,47022.2825,0.09933095973881367,-0.7106835955981327
1629072000,47021.725,49814.37,43948.2675,49288.8975,0.7669761881416128,0.09933095973881367
1629676800,49291.6275,50526.825,46299.31,48800.0725,1.33887316456555,0.7669761881416128
1630281600,48794.5675,51898.5725,46536.1875,51791.6375,1.8488975440598936,1.33887316456555
1630886400,51791.6625,52935.0525,42582.695,46038.8925,2.1034710903517935,1.8488975440598936
1631491200,46040.8925,48817.1475,43409.975,47249.3475,2.054127199438454,2.1034710903517935
1632096000,47252.6175,47335.07,39585.5525,43194.81,1.7446503051901914,2.054127199438454
1632700800,43171.7475,49260.6875,40759.145,48235.595,1.385324093205317,1.7446503051901914
1633305600,48232.78,56533.9,46909.795,54696.93,1.4617977853811737,1.385324093205317
1633910400,54677.15,62910.11,53928.4425,61532.1675,1.7345082543578092,1.4617977853811737
1634515200,61527.5475,66998.105,59515.2225,60875.2975,2.0927945438460833,1.7345082543578092
1635120000,60862.76,63715.95,57381.72,61357.63,2.1544715336335187,2.0927945438460833
1635724800,61359.0625,64311.5,59484.82,63312.7675,2.243197277815537,2.1544715336335187
1636329600,63313.0675,68997.75,62442.585,65502.47,2.503570510549225,2.243197277815537
1636934400,65502.4725,66354.41,55174.75,58794.32,2.2810183078702435,2.503570510549225
1637539200,58689.245,59422.46,53479.41,57322.77,1.7932044188137388,2.2810183078702435
1638144000,57319.83,59200.38,41631.28,49409.58,1.1271096636384057,1.7932044188137388
1638748800,49341.93,51935.25,47009.3,50112.02,0.38339211870801204,1.1271096636384057
1639353600,50020.94,50164.22,45549.31,46724.12,-0.292276857395939,0.38339211870801204
1639958400,46589.44,51816,45593.54,50801.7,-0.8389418415206833,-0.292276857395939
1640563200,50818.91,52103.63,45628.36,47323.62,-1.2761921194044754,-0.8389418415206833
1641168000,47274.71,47577.04,40563.57,41865.65,-1.7239454370155038,-1.2761921194044754
1641772800,41883.5,44443.4,39896.66,43108.81,-2.166523121035633,-1.7239454370155038
1642377600,43077.48,43489.52,34115.29,36292.06,-2.6000497268998926,-2.166523121035633
1642982400,36172.62,38781.63,32992.55,37929.9,-3.0249329928970967,-2.6000497268998926
1643587200,37913.28,42701.89,36266.35,42417.63,-2.5983190548831523,-3.0249329928970967
1644192000,42419.63,45866.71,41688.55,42073.76,-1.8215591601412195,-2.5983190548831523
1644796800,42074.56,44776.3,37994.3,38386.55,-1.3011794104929655,-1.8215591601412195
1645401600,38391.53,40308.98,34329.29,37711.29,-1.208224271645864,-1.3011794104929655
1646006400,37712.31,45352.71,37460.14,38423,-1.0141440186137858,-1.208224271645864
1646611200,38412.97,42592.68,37166.86,37790.82,-0.7820746393913833,-1.0141440186137858
1647216000,37785.75,42403.4,37572.55,41277.41,-0.5593354894196225,-0.7820746393913833
1647820800,41291.68,46953.03,40516.26,46856.67,-0.06157711013687886,-0.5593354894196225
1648425600,46852.57,48222.96,44245.62,46415.99,0.4842314383173512,-0.06157711013687886
1649030400,46420.72,47193.33,41869.98,42155.88,0.8204167732856297,0.4842314383173512
1649635200,42161.99,42417.74,39219.44,39687.65,0.6961842078865118,0.8204167732856297
1650240000,39674.59,43003.88,38556.58,39465.69,0.4613489830508947,0.6961842078865118
1650844800,39460.95,40794.44,37403.24,38479.3,0.10736639492472388,0.4613489830508947
1651449600,38475.51,40032.42,33707.22,34027.56,-0.3845757297904225,0.10736639492472388
1652054400,34035.88,34225.88,25365.62,31293.29,-0.8951386324215006,-0.3845757297904225
1652659200,31287.47,31288.29,28602.82,30264.11,-1.3765580884329263,-0.8951386324215006
1653264000,30260.6,30630.21,27877.5,29449.54,-1.8426040314760583,-1.3765580884329263
1653868800,29451.01,32384.54,29239.09,29899.4,-2.0729418882813677,-1.8426040314760583
1654473600,29902.42,31737.04,26517.39,26565.12,-2.4045721031766307,-2.0729418882813677
1655078400,26546.5,26849.82,17585.31,20552.98,-2.7812078687795676,-2.4045721031766307
1655683200,20550.63,21867.79,19616.49,21029.53,-3.1767311338400077,-2.7812078687795676
1656288000,21026.47,21517.84,18608.03,19292.67,-3.579345450314718,-3.1767311338400077
1656892800,19294.22,22468.69,19032.26,20843.12,-3.605973908142764,-3.579345450314718
1657497600,20845.93,21665.08,18901.64,20793.29,-3.655043927888906,-3.605973908142764
1658102400,20790.02,24277.96,20761.84,22586.22,-2.975061663141526,-3.655043927888906
1658707200,22586.23,24675.03,20709.26,23315.95,-2.386734637097892,-2.975061663141526
1659312000,23304.94,23645.97,22402.03,23181.62,-1.9312184620360235,-2.386734637097892
1659916800,23179.86,25045.61,22675.92,24314.02,-1.4809857861168592,-1.9312184620360235
1660521600,24315.41,25207.71,20765.5,21495.97,-0.8809875020206499,-1.4809857861168592
1661126400,21519.23,21902.85,19522.36,19550.11,-0.7617196894586196,-0.8809875020206499
1661731200,19553.98,20573.94,19548.34,20004.08,-0.9823541814455865,-0.7617196894586196
1662336000,20006.61,21861.88,18535.47,21839.13,-1.2958571527863008,-0.9823541814455865
1662940800,21834.42,22792.25,19322.35,19420.94,-1.3467479469338905,-1.2958571527863008
1663545600,19421.18,19910.47,18152.13,18808.52,-1.6116386840564765,-1.3467479469338905
1664150400,18807.41,20381.29,18478.88,19057.33,-1.820194717046401,-1.6116386840564765
1664755200,19061.28,20470.34,18972.41,19445.94,-1.882966909168787,-1.820194717046401
1665360000,19442.08,19946.71,18160.71,19263.43,-2.127733883825413,-1.882966909168787
1665964800,19262.52,19699.91,18660.53,19572.38,-2.360511345252247,-2.127733883825413
1666569600,19573.54,21077.68,19163.48,20628.62,-1.8014006256064166,-2.360511345252247
1667174400,20628.02,21473.69,20041.07,20914.74,-1.0390696885195705,-1.8014006256064166
1667779200,20906.7,21069.48,15563.5,16309.05,-0.9698041093509676,-1.0390696885195705
1668384000,16302.19,17149,15791.2,16255.15,-1.1983279233603925,-0.9698041093509676
1668988800,16253.6,16792.07,15473.78,16423.94,-1.5509483376722866,-1.1983279233603925
1669593600,16420.78,17296.93,16000.41,17113.75,-1.7543717801917207,-1.5509483376722866
1670198400,17109,17430.54,16701.15,17089.92,-1.74662345958654,-1.7543717801917207
1670803200,17089.14,18376.59,16546.38,16745.81,-1.5824205437362502,-1.74662345958654
1671408000,16744.57,17043.67,16270.67,16828.91,-1.5910709183968281,-1.5824205437362502
1672012800,16829.53,16964.08,16332.92,16613.48,-1.665330176950319,-1.5910709183968281
1672617600,16613.59,17164.44,16549.51,17124.86,-1.693164142883988,-1.665330176950319
1673222400,17126.45,21367.25,17106.94,20884.18,-0.9841074329710093,-1.693164142883988
1673827200,20877.28,23380.23,20384.36,22717.7,-0.24894007746676344,-0.9841074329710093
1674432000,22715.43,23955.86,22328.42,23750.97,0.4112628686868902,-0.24894007746676344
1675036800,23747.5,24264.14,22505.55,22938.34,0.9951447960979901,0.4112628686868902
1675641600,22939.02,23445.5,21463.12,21787.3,1.3262758582658098,0.9951447960979901
1676246400,21787.57,25262.85,21370.29,24288.51,1.7053567901337938,1.3262758582658098
1676851200,24283.39,25259.72,22747.36,23558.98,2.1152482697231703,1.7053567901337938
1677456000,23559.27,23987.86,21997.01,22428.98,2.1845244077773796,2.1152482697231703
1678060800,22428.86,22598.04,19559.36,22243.34,1.7894116988137911,2.1845244077773796
1678665600,22248.46,28473.58,21944.36,28051.94,1.8314268170328054,1.7894116988137911
1679270400,28068.32,28919.3,26670.82,28001,2.0773948251865226,1.8314268170328054
1679875200,27995.81,29182.1,26527.13,28189.84,2.416522643154538,2.0773948251865226
1680480000,28187.21,28786.04,27231.58,28336.98,2.7967055016319433,2.416522643154538
1681084800,28343.16,31046.25,28175.97,30325.58,3.1938717858669627,2.7967055016319433
1681689600,30324.12,30490.7,27144.01,27596.46,3.0832764919407367,3.1938717858669627
1682294400,27596.46,30039.06,26972.79,29248.47,2.7952256283611363,3.0832764919407367
1682899200,29250.13,29870.31,27665.95,28594.28,2.5981411573439566,2.7952256283611363
1683504000,28596.43,28813.39,25823.6,26930.75,2.188917030446886,2.5981411573439566
1684108800,26931.05,27673.93,26373.38,26753.31,1.5405166502509422,2.188917030446886
1684713600,26753.38,28264.89,25873.34,28082.01,0.7323337318435649,1.5405166502509422
1685318400,28082.01,28462.73,26509.53,27123.99,0.12411740617274994,0.7323337318435649
1685923200,27120.98,27392.77,25350.48,25940.01,-0.47278970784177154,0.12411740617274994
1686528000,25939.77,26804.75,24770.53,26342.29,-1.0251136105136724,-0.47278970784177154
1687132800,26474.09,31441.74,26266.18,30704.48,-0.6236590407165835,-1.0251136105136724